decision,game,family_slug,family_date,igdb_games,years_apart,editions_by_igdb_game,unresolved_editions,achievement_sets,dlcs,bundles,user_data_rows,edition_labels,family_id
,1 vs. 100,1-vs-100-1,2008-06-24,2,1,1-vs-100--1 #138101: Nintendo DS 2008-06-24 | 1-vs-100 #74406: Xbox 360 2009-11-19,,0,0,0,0,,cmokgkvh6000k0md8puzi43t1
,Accident,accident,2020-10-14,2,0,"accident #97907: PlayStation 4 2022-12-09, Xbox One 2022-12-09 | accident--1 #202774: Nintendo Switch 2022-09-16",,0,0,0,0,,cmoku77t9001k0md7wv1w11rc
,Ace Attorney Investigations: Miles Edgeworth,ace-attorney-investigations-miles-edgeworth,2010-02-16,2,14,"ace-attorney-investigations-miles-edgeworth #1430: Nintendo DS 2010-02-16 | ace-attorney-investigations-miles-edgeworth--2 #384241: Nintendo Switch 2024-09-06, PlayStation 4 2024-09-06, Xbox One 2024-09-06, Steam 2024-09-06",,0,0,1,0,,cmokgkvh6000x0md89zyrg2gs
,Adventures of Lolo,adventures-of-lolo,1989-04-20,2,6,"adventures-of-lolo #3662: Nintendo 3DS 2014-10-16, NES 1989-04-20, Wii 2007-06-08, Wii U 2014-05-15 | adventures-of-lolo--1 #191467: Game Boy 1995-12-31",,0,0,0,0,,cmoknle6l000m0muujb5ol7lg
,Agatha Christie: The ABC Murders,agatha-christie-the-abc-murders,2009-11-09,2,7,"agatha-christie-the-abc-murders #19657: Nintendo DS 2009-11-09 | agatha-christie-the-abc-murders--1 #17470: PlayStation 4 2016-02-04, PlayStation 5 2024-07-04, Nintendo Switch 2020-10-06, Xbox One 2016-02-04, Xbox Series X|S 2024-07-04",,0,0,0,0,,cmokgkvh600170md89acinu7j
,Alone in the Dark,alone-in-the-dark-1992,1992-09-01,0,,,PC 1992-09-01 (ambiguous: alone-in-the-dark--1 #213237; alone-in-the-dark #1956; alone-in-the-dark--2 #1958),0,0,0,0,,cmrxo237y00090mw5zcm5hft9
,Alone in the Dark: The New Nightmare,alone-in-the-dark-the-new-nightmare,2001-05-18,2,0,"alone-in-the-dark-the-new-nightmare #1960: PlayStation Portable 2010-08-04, PlayStation 2001-05-18, PlayStation 3 2010-08-04 | alone-in-the-dark-the-new-nightmare--2 #266501: PC 2001-06-22",,0,0,0,0,,cmokr0is7000y0m6gwph5eydy
,America's Next Top Model,americas-next-top-model-1,2010-06-01,2,0,americas-next-top-model--1 #78528: Nintendo DS 2010-06-01 | americas-next-top-model #50613: Wii 2010-07-23,,0,0,0,0,,cmokgkvh7001s0md8izmr00co
,Angry Birds,angry-birds,2009-12-01,2,1,"angry-birds #2035: PlayStation Portable 2011-11-25, PlayStation 3 2011-01-12 | angry-birds--1 #247273: NES 2012-12-31",,0,0,0,0,,cmokr0is700130m6g2u05y8dl
,Animaniacs,animaniacs,1994-11-01,2,0,animaniacs #7756: Super Nintendo 1994-11-01 | animaniacs--2 #228407: Sega Genesis 1994-05-14,,0,0,0,0,,cmolj0n57000i0m6swm9uxo9c
,Apollo Justice: Ace Attorney,apollo-justice-ace-attorney,2008-02-19,2,16,"apollo-justice-ace-attorney #1429: Nintendo DS 2008-02-19, Nintendo 3DS 2017-11-21 | apollo-justice-ace-attorney--1 #253010: Nintendo Switch 2024-01-25, PlayStation 4 2024-01-25, Xbox One 2024-01-25, Steam 2024-01-25",,0,0,2,0,,cmokgkvh7002j0md83x9hbh0l
,Around the World in 80 Days,around-the-world-in-80-days,2004-07-05,2,4,around-the-world-in-80-days #6309: Game Boy Advance 2004-07-05 | around-the-world-in-80-days--2 #80445: Nintendo DS 2008-12-22,,0,0,0,0,,cmok6xdg9000q0mr1bwowu54f
,Arthur and the Invisibles,arthur-and-the-invisibles,2007-01-09,2,0,"arthur-and-the-invisibles #21437: Game Boy Advance 2007-01-09, PlayStation Portable 2007-01-09, PlayStation 2 2007-02-02 | arthur-and-the-invisibles--1 #200689: Nintendo DS 2007-01-09, Game Boy Color 2007-02-02",,0,0,0,0,,cmok6xdg9000r0mr1oxf4b5b1
,Backyard Hockey,backyard-hockey,2003-11-09,2,4,backyard-hockey #49244: Game Boy Advance 2003-11-09 | backyard-hockey--1 #122753: Nintendo DS 2007-10-02,,0,0,0,0,,cmok6xdg900150mr1og4b1dmg
,Bass Masters Classic,bass-masters-classic,1999-11-04,2,4,"bass-masters-classic #49867: Game Boy Color 1999-11-04 | bass-masters-classic--1 #357181: Super Nintendo 1995-06-01, Sega Genesis 1995-07-01",,0,0,0,0,,cmokrawru000v0m1avvy4wmp8
,Batman Forever,batman-forever,1995-09-07,2,0,batman-forever #7769: Super Nintendo 1995-09-07 | batman-forever--3 #19856: Sega Genesis 1995-09-04,,0,0,0,0,,cmolj0n57000y0m6siy1j917m
,Batman Returns,batman-returns-3,1993-04-01,3,1,batman-returns--3 #121242: Super Nintendo 1993-04-01 | batman-returns--5 #121244: NES 1993-01-01 | batman-returns #4379: Sega Genesis 1992-02-19,,0,0,0,0,,cmolj0n57000z0m6sscgz355b
,Batman: The Brave and the Bold - The Videogame,batman-the-brave-and-the-bold-the-videogame,2010-09-07,2,0,batman-the-brave-and-the-bold-the-videogame #4707: Wii 2010-09-07 | batman-the-brave-and-the-bold-the-videogame--1 #343034: Nintendo DS 2010-09-07,,0,0,0,2,,cmoljmhxs001y0m1uyihghatd
,Battlestar Galactica,battlestar-galactica,2003-11-19,2,4,"battlestar-galactica #5744: PlayStation 2 2003-11-19, Xbox 2003-11-19 | battlestar-galactica--1 #80427: Xbox 360 2007-10-24",,0,0,0,0,,cmokrw876004g0mcvr54rieak
,Blade,blade-2,2000-11-20,2,0,blade--2 #122191: Game Boy Color 2000-11-20 | blade #8719: PlayStation 2000-11-23,,0,0,0,0,,cmokrawru00120m1aecnzjcfb
,Blind,blind,2018-09-18,2,6,"blind #18378: PlayStation 4 2018-09-18 | blind--4 #216787: PlayStation 5 2024-10-08, Nintendo Switch 2024-10-17, Xbox Series X|S 2024-12-13",,0,0,0,0,,cmoku7acn00p30md7t6ho1cee
,Bomberman,bomberman-1,2005-06-21,2,1,bomberman--1 #22287: Nintendo DS 2005-06-21 | bomberman--5 #129853: PlayStation Portable 2006-09-12,,0,0,0,0,,cmokgkwwy00b50md8ja6p0pvv
,Bomberman Land,bomberman-land-2,2008-01-29,2,0,bomberman-land--2 #197973: PlayStation Portable 2008-01-29 | bomberman-land #21613: Wii 2008-01-29,,0,0,0,0,,cmokr0is900300m6gmgxlp1hj
,Bonk's Revenge,bonks-revenge-1,1994-12-31,2,13,"bonks-revenge--1 #228469: Game Boy 1994-12-31 | bonks-revenge #7795: Wii 2007-04-13, Wii U 2017-05-04",,0,0,0,0,,cmokr4jr7000u0mneoz3n12rb
,Bram Stoker's Dracula,bram-stoker-s-dracula,1993-09-01,2,0,"bram-stoker-s-dracula #5366: Super Nintendo 1993-09-01 | bram-stokers-dracula--1 #14340: NES 1993-12-31, Master System 1993-12-31, Game Gear 1993-12-31",Sega Genesis 1993-09-01 (no-igdb-date: bram-stoker-s-dracula #5366),0,0,0,0,,cmolj0n58001p0m6sep9wn5xw
,Breath of Fire,breath-of-fire,1994-08-10,2,7,"breath-of-fire #11617: Super Nintendo 1994-08-10, Wii U 2014-11-27 | breath-of-fire--1 #276017: Game Boy Advance 2001-07-06",,0,0,0,0,,cmolj0n58001s0m6s7308hnvi
,Breath of Fire II,breath-of-fire-ii,1995-12-10,2,6,"breath-of-fire-ii #6337: Super Nintendo 1995-12-10, Wii 2007-08-10, Wii U 2013-09-05 | breath-of-fire-ii--1 #276018: Game Boy Advance 2001-12-14",Nintendo 3DS 1995-12-10 (no-igdb-date: breath-of-fire-ii #6337),0,0,0,0,,cmoknle6m003s0muuqd4hp5gz
,Brick Breaker,brick-breaker-4,2011-06-21,2,5,"brick-breaker--4 #206490: PlayStation Vita 2012-02-22, PlayStation Portable 2011-06-21 | brick-breaker--1 #82448: PlayStation 4 2016-04-26, Nintendo Switch 2019-01-03, Xbox One 2016-04-26, Xbox Series X|S 2024-06-04",PlayStation 5 2016-04-26 (ambiguous: brick-breaker--2 #188217; brick-breaker--1 #82448),0,0,0,0,,cmokkq217002e0m4gb6dsfmgr
,Buffy the Vampire Slayer,buffy-the-vampire-slayer-1,2000-09-20,2,2,buffy-the-vampire-slayer--1 #206690: Game Boy Color 2000-09-20 | buffy-the-vampire-slayer #5760: Xbox 2002-08-18,,0,0,0,0,,cmokrawru001c0m1aydsz1h71
,Burning Secrets: A Bara Visual Novel,burning-secrets-a-bara-visual-novel,2023-05-08,2,0,burning-secrets-a-bara-visual-novel #236398: PlayStation 5 2023-11-10 | burning-secrets-a-bara-visual-novel--1 #275891: Nintendo Switch 2023-11-10,,0,0,0,0,,cmokuhti900ij0m1rpovuu4e7
,Cabela's Outdoor Adventures,cabelas-outdoor-adventures-2,2005-09-13,2,4,"cabelas-outdoor-adventures--2 #3844: PlayStation 2 2005-09-13, GameCube 2005-09-13, Xbox 2005-09-13 | cabelas-outdoor-adventures #91390: Xbox 360 2009-09-08, Wii 2009-09-08, PlayStation 3 2009-09-08",,0,0,0,0,,cmokrw9po00cm0mcvxz9tcipb
,Caesars Palace,caesars-palace-1,1997-11-30,2,5,caesars-palace--1 #144443: PlayStation 1997-11-30 | caesars-palace #4597: NES 1992-12-01,,0,0,0,0,,cmokrpv8300b20m4y2j5y7ftf
,Captain Planet and the Planeteers,captain-planet-and-the-planeteers-1,1991-09-01,2,1,captain-planet-and-the-planeteers--1 #4384: NES 1991-09-01 | captain-planet-and-the-planeteers--2 #203494: Sega Genesis 1992-02-19,,0,0,0,0,,cmolj8yv6002m0mh1jyrhusnf
,Carcassonne,carcassonne,2007-07-27,2,10,carcassonne #21832: Xbox 360 2007-07-27 | carcassonne--2 #75582: Nintendo Switch 2017-11-29,,0,0,0,0,,cmokskt1a00bz0mkpm7ejpxl8
,Casper,casper-1,2002-12-31,4,6,"casper--1 #83245: Game Boy Advance 2002-12-31 | casper--3 #215182: Game Boy 1996-11-01 | casper #6345: PlayStation 1997-03-14, Sega Saturn 1997-03-14 | casper--4 #215184: Super Nintendo 1997-03-14",,0,0,0,0,,cmok6xdga002v0mr187xzhrav
,Catwoman,catwoman-1,1999-12-01,2,5,"catwoman--1 #67337: Game Boy Color 1999-12-01 | catwoman #3851: PlayStation 2 2004-07-20, GameCube 2004-07-20, Xbox 2004-07-20",,0,0,0,0,,cmokrawru001j0m1azs6b2p3c
,Catz,catz-2,2006-03-28,3,7,catz--2 #144796: Game Boy Advance 2006-03-28 | catz--1 #81538: Nintendo DS 2006-11-16 | catz #16616: Game Boy Color 1999-12-31,,0,0,0,0,,cmok6xdga002z0mr1ao2pcoxs
,Chaotic: Shadow Warriors,chaotic-shadow-warriors-1,2009-11-17,2,0,"chaotic-shadow-warriors--1 #197894: Nintendo DS 2009-11-17 | chaotic-shadow-warriors #24339: Xbox 360 2009-12-10, Wii 2009-11-17, PlayStation 3 2009-11-17",,0,0,0,0,,cmokgkwwz00de0md8q2qldp61
,Cheetahmen,cheetahmen,1991-09-01,2,2,cheetahmen #243939: NES 1991-09-01 | cheetahmen--1 #245125: Sega Genesis 1993-05-28,,0,0,0,0,,cmolj8yv6002v0mh16gcm0n3n
,Chessmaster,chessmaster-1,2002-03-22,3,4,"chessmaster--1 #206921: Game Boy Advance 2002-03-22 | chessmaster--2 #342981: Game Boy Color 1999-11-15 | chessmaster #23714: PlayStation 2 2003-04-25, Xbox 2004-10-26",,0,0,0,0,,cmok6xdga00300mr14n8qs3lt
,Chrono Trigger,chrono-trigger,1995-08-11,1,,"chrono-trigger #1802: Super Nintendo 1995-08-11, Wii 2011-05-16",PlayStation 2001-06-29 (non-western: chrono-trigger--4 #263446),0,0,1,0,,cmolj0n58002i0m6sjty4z0ph
,Cliffhanger,cliffhanger,1993-10-01,2,0,"cliffhanger #5370: Super Nintendo 1993-10-01, Sega Genesis 1993-11-01 | cliffhanger--4 #346266: NES 1993-11-01",,0,0,0,0,,cmolj0n58002n0m6s3zl8ww6f
,Conan,conan,2004-04-08,2,3,"conan #3862: PlayStation 2 2004-05-07, PlayStation 3 2007-09-28, GameCube 2005-04-15, Xbox 2004-04-08 | conan--1 #9006: Xbox 360 2007-09-28",,0,0,0,0,,cmokrw9pp00en0mcvhgqp1f00
,Criss Cross,criss-cross,2019-04-29,2,0,"criss-cross #67520: PlayStation 4 2023-12-02, PlayStation 5 2023-12-02 | criss-cross--1 #152756: Nintendo Switch 2023-11-25",,0,0,0,0,,cmoku7edp01ho0md79d16j8xx
,Crowd City,crowd-city,2018-11-22,2,1,"crowd-city #118715: PlayStation 4 2024-05-17 | crowd-city--1 #268535: Nintendo Switch 2023-09-08, Xbox Series X|S 2025-07-24",,0,0,0,0,,cmoku7edp01i10md7n30rdkec
,CT Special Forces 3: BioTerror,ct-special-forces-3-bioterror-1,2004-11-05,2,0,ct-special-forces-3-bioterror--1 #49253: Game Boy Advance 2004-11-05 | ct-special-forces-3-bioterror #43898: PlayStation 2004-04-05,,0,0,0,0,,cmok6xdga003l0mr1iy6l7c0h
,Darkman,darkman-1,1991-12-31,2,0,darkman--1 #365688: Game Boy 1991-12-31 | darkman #12037: NES 1991-12-31,,0,0,0,0,,cmokr4jr7001n0mnegb610l1q
,Dick Tracy,dick-tracy-1,1991-12-01,3,1,dick-tracy--1 #83907: Game Boy 1991-12-01 | dick-tracy--2 #83908: NES 1990-08-01 | dick-tracy #13058: Master System 1990-03-31,,0,0,0,0,,cmokr4jr7001t0mne53el94ea
,Disney's Aladdin,disney-s-aladdin,1993-11-21,3,1,"disney-s-aladdin #2473: Game Boy Advance 2004-03-19, Super Nintendo 1993-11-21 | disneys-aladdin #8118: Sega Genesis 1993-10-19 | disneys-aladdin--1 #106270: Master System 1994-04-01, Game Gear 1994-02-01",,0,0,0,0,,cmok6xdga00490mr16ywzu0gx
,Disney's Donald Duck: Goin' Quackers,disneys-donald-duck-goin-quackers,2000-10-19,2,0,"disneys-donald-duck-goin-quackers #53943: Game Boy Color 2000-10-19 | disneys-donald-duck-goin-quackers--1 #360: Nintendo 64 2000-12-08, Dreamcast 2000-12-13",,0,0,0,0,,cmokrawrv001z0m1arn3jei5d
,Disney's TaleSpin,disneys-talespin-4,1991-12-11,2,0,"disneys-talespin--4 #8067: NES 1991-12-11 | disneys-talespin--1 #138106: Sega Genesis 1991-12-31, Game Gear 1993-03-01",,0,0,0,0,,cmolj8yv7004e0mh1et967nuz
,Disney's Treasure Planet,disneys-treasure-planet,2002-12-01,3,0,disneys-treasure-planet #49202: Game Boy Advance 2002-12-01 | disneys-treasure-planet--2 #144084: PlayStation 2002-11-12 | disneys-treasure-planet--1 #19248: PlayStation 2 2002-11-12,,0,0,0,0,,cmok6xdga004p0mr16m4xufqp
,Dogfight,dogfight,2020-11-11,2,3,"dogfight #147831: PlayStation 4 2020-12-22, Nintendo Switch 2021-01-05 | dogfight--2 #196924: Xbox Series X|S 2023-04-13",,0,0,0,0,,cmoku7fdq01ua0md7h9fg6jlj
,Dogz,dogz,2006-04-20,2,7,"dogz #47777: Game Boy Advance 2006-04-20, Nintendo DS 2006-11-22 | dogz--1 #131393: Game Boy Color 1999-12-01",,0,0,0,0,,cmok6xdga004r0mr1k3q63r8l
,Donkey Kong Country,donkey-kong-country,1994-11-18,2,9,"donkey-kong-country #1090: Super Nintendo 1994-11-21, Wii 2006-12-07, Wii U 2014-10-16 | donkey-kong-country--1 #150028: Game Boy Advance 2003-06-09",,0,0,0,1,,cmolj0n59003g0m6soorb7qzz
,Donkey Kong Country: Tropical Freeze,donkey-kong-country-tropical-freeze,2014-02-21,2,4,donkey-kong-country-tropical-freeze #2923: Wii U 2014-02-21 | donkey-kong-country-tropical-freeze--1 #85576: Nintendo Switch 2018-05-04,,0,0,0,0,,cmolk875k00170m66tyo6sbyc
,Donkey Kong Jungle Beat,donkey-kong-jungle-beat,2005-02-04,2,4,donkey-kong-jungle-beat #1097: GameCube 2005-03-14 | donkey-kong-jungle-beat--1 #84699: Wii 2009-05-04,,0,0,0,0,,cmolkoldc000q0mz8nzlg81pj
,Downtown Run,downtown-run,2003-03-28,0,,,,0,0,0,0,,cmokrwaxc00o60mcv2uxtiztw
,Drawn to Life: The Next Chapter,drawn-to-life-the-next-chapter,2009-10-08,2,0,drawn-to-life-the-next-chapter #4820: Nintendo DS 2009-10-08 | drawn-to-life-the-next-chapter--1 #240140: Wii 2009-10-08,,0,0,0,0,,cmokgky0500oi0md8bw0enevz
,Dynasty Warriors,dynasty-warriors-1,2005-03-16,2,8,dynasty-warriors--1 #100279: PlayStation Portable 2005-03-16 | dynasty-warriors #2982: PlayStation 1997-06-06,,0,0,0,0,,cmokr0kr200cx0m6gtjs6f2ft
,ECW Hardcore Revolution,ecw-hardcore-revolution-1,2000-01-31,2,0,"ecw-hardcore-revolution--1 #200887: Game Boy Color 2000-01-31 | ecw-hardcore-revolution #3483: PlayStation 2000-01-31, Nintendo 64 2000-01-31, Dreamcast 2000-01-31",,0,0,0,0,,cmokrawrv002e0m1a19vi2i8y
,ESPN National Hockey Night,espn-national-hockey-night-1,2001-03-25,2,7,"espn-national-hockey-night--1 #80419: PlayStation 2 2001-03-25 | espn-national-hockey-night #5381: Super Nintendo 1994-12-01, Sega Genesis 1994-12-01",,0,0,0,0,,cmokrwc4w00vp0mcvfa2qgoyg
,Final Fantasy,final-fantasy,1990-07-12,3,31,"final-fantasy #385: NES 1990-07-12, Wii 2009-10-05 | final-fantasy--7 #380632: PlayStation 2003-04-08 | final-fantasy--3 #158980: Steam 2021-07-28, PlayStation 4 2023-04-19, Nintendo Switch 2023-04-19",Nintendo 3DS 1990-07-12 (non-western: final-fantasy #385) | Wii U 1990-07-12 (non-western: final-fantasy #385),0,0,2,0,Pixel Remaster,cmoknlfhk00ej0muultmy85mp
,Final Fantasy II,final-fantasy-ii,1988-12-17,2,18,"final-fantasy-ii--7 #380633: PlayStation 2003-04-08 | final-fantasy-ii--3 #158981: Steam 2021-07-28, PlayStation 4 2023-04-19, Nintendo Switch 2023-04-19",,0,0,2,0,Pixel Remaster,cms6bmw6b00000myly7al1295
,Final Fantasy III,final-fantasy-iii,1990-04-27,2,17,"final-fantasy-iii #393: Nintendo DS 2006-11-14 | final-fantasy-iii--3 #158982: PlayStation 4 2023-04-19, Nintendo Switch 2023-04-19",Steam 2021-07-28 (ambiguous: final-fantasy-iii--6 #340019; final-fantasy-iii--3 #158982),0,0,1,2,Remake; Pixel Remaster,cms6bfuhm00000mnfd7ixk30a
,Final Fantasy IV,final-fantasy-iv,1991-11-23,2,15,"final-fantasy-iv #399: Nintendo DS 2008-07-22 | final-fantasy-iv--2 #158983: PlayStation 4 2023-04-19, Nintendo Switch 2023-04-19",PlayStation 2001-06-29 (non-western: final-fantasy-iv--3 #282725) | Steam 2021-09-08 (ambiguous: final-fantasy-iv--2 #158983; final-fantasy-iv--7 #380634),0,0,2,0,Remake; Pixel Remaster,cms6bn06s00030myl7mnau7qz
,Final Fantasy V,final-fantasy-v,1992-12-06,2,24,"final-fantasy-v--3 #288349: PlayStation 1999-09-30 | final-fantasy-v--2 #158984: PlayStation 4 2023-04-19, Nintendo Switch 2023-04-19",Steam 2021-11-10 (ambiguous: final-fantasy-v--1 #146069; final-fantasy-v--2 #158984),0,0,2,0,Pixel Remaster,cms6bn85h00080mylb0diqco6
,Final Fantasy VI,final-fantasy-vi,1994-10-20,2,24,"final-fantasy-vi--4 #288348: PlayStation 1999-09-30 | final-fantasy-vi--2 #158985: PlayStation 4 2023-04-19, Nintendo Switch 2023-04-19",Steam 2022-02-23 (ambiguous: final-fantasy-vi--2 #158985; final-fantasy-vi--1 #146218 Delisted),0,0,2,0,Pixel Remaster,cmolj0n59004f0m6sfvvapp0n
,Final Fantasy VII,final-fantasy-vii,1997-09-07,2,18,"final-fantasy-vii #427: PlayStation 1997-09-07 | final-fantasy-vii--6 #207026: PlayStation 4 2015-12-05, Nintendo Switch 2019-03-26, Xbox One 2019-03-26",,0,0,0,0,,cms6bncc7000b0mylcxdfg15k
,From Shadows,from-shadows,2017-08-10,2,0,"from-shadows #29680: PlayStation 4 2021-05-26, Nintendo Switch 2021-03-24 | from-shadows--1 #147675: Xbox One 2021-03-24",,0,0,0,0,,cmoku7hpf02i00md7rqvobo2j
,G-Force,g-force-1,2006-12-31,2,3,"g-force--1 #80413: PlayStation 2 2006-12-31 | g-force #4876: Xbox 360 2009-07-21, PlayStation 3 2009-07-21",,0,0,0,0,,cmokrwdco01670mcv3o0olsvc
,G.I. Joe: The Rise of Cobra,gi-joe-the-rise-of-cobra,2009-08-04,2,0,"gi-joe-the-rise-of-cobra #200914: Nintendo DS 2009-08-04 | g-i-joe-the-rise-of-cobra #4877: PlayStation Portable 2009-08-04, PlayStation 2 2009-08-04, Xbox 360 2009-08-04, Wii 2009-08-04, PlayStation 3 2009-08-04",,0,0,0,0,,cmokgkz1000yb0md8sl4bua5s
,Gadget Racers,gadget-racers-4,2001-10-27,2,0,gadget-racers--4 #250446: Game Boy Advance 2001-10-27 | gadget-racers #4088: PlayStation 2 2001-12-31,GameCube 2001-12-31 (no-igdb-date: gadget-racers #4088),0,0,0,0,,cmok6xf4400cb0mr1xctuxuml
,Gem Smashers,gem-smashers,2003-07-01,2,14,"gem-smashers #6419: Game Boy Advance 2003-07-01, PlayStation Vita 2017-02-24, Nintendo 3DS 2011-10-18, PlayStation 4 2017-02-24, Nintendo Switch 2018-03-15, Wii 2011-10-18 | gem-smashers--1 #92200: Xbox One 2017-03-06",,0,0,0,0,,cmok6xf4400ci0mr167nw7cgu
,Germany's Next Top Model,germanys-next-top-model-1,2009-04-07,2,2,"germanys-next-top-model--1 #82065: Nintendo DS 2009-04-07, PlayStation 2 2009-04-07, Wii 2009-04-07 | germanys-next-top-model #43377: PlayStation 3 2011-04-18",,0,0,0,0,,cmokgkz1000y60md8qs1ke5cq
,Ghost in the Shell: Stand Alone Complex,ghost-in-the-shell-stand-alone-complex-2,2005-10-21,2,1,ghost-in-the-shell-stand-alone-complex--2 #114138: PlayStation Portable 2005-10-21 | ghost-in-the-shell-stand-alone-complex #24252: PlayStation 2 2004-11-08,,0,0,0,0,,cmokr0m3y00kz0m6g2fp64x9l
,Glo,glo,2017-10-23,2,0,"glo #61638: PlayStation 4 2021-09-08, Nintendo Switch 2021-09-09 | glo--1 #165591: PlayStation 5 2021-09-08",,0,0,0,0,,cmoku7iqh02qj0md7pz8ropny
,Goal!,goal-5,1993-08-01,2,4,goal--5 #348225: Game Boy 1993-08-01 | goal--4 #268132: NES 1989-10-01,,0,0,0,0,,cmokr4jr8002l0mne1p47nmid
,Green Lantern: Rise of the Manhunters,green-lantern-rise-of-the-manhunters,2011-06-07,2,0,"green-lantern-rise-of-the-manhunters--1 #196504: Nintendo DS 2011-06-07, Nintendo 3DS 2011-06-07 | green-lantern-rise-of-the-manhunters #4896: PlayStation 3 2011-06-07",,0,0,0,0,,cmokgkz1100yo0md8kyhlop3e
,Guess the Word,guess-the-word-1,2023-11-22,2,4,guess-the-word--1 #277341: PlayStation 5 2023-11-22 | guess-the-word #115339: Nintendo Switch 2019-02-14,,0,0,0,0,,cmokuhxuk01l80m1rzgdktnpn
,Gunship,gunship-2,1996-12-31,2,2,gunship--2 #20295: PlayStation 1996-12-31 | gunship--3 #133964: Sega Genesis 1994-01-01,,0,0,0,0,,cmokrpxo500u90m4ypgqdjhhz
,Heavy Barrel,heavy-barrel-1,1989-12-31,2,28,heavy-barrel--1 #46776: Nintendo Switch 2018-12-31 | heavy-barrel--2 #412812: NES 1990-03-01,,0,0,0,0,,cmokuwg9204wv0mk6fm8wqni5
,Hentai Uni 3,hentai-uni-3,2024-12-23,0,,,,0,0,0,0,,cmokuwhco055t0mk6lakzwjmx
,Hidden Agenda,hidden-agenda,2017-10-24,2,1,hidden-agenda #37092: PlayStation 4 2017-10-24 | hidden-agenda--2 #245669: Sega Genesis 2016-12-31,,0,0,0,0,,cmoku7jtz03260md7e08jd3p6
,Home Alone 2: Lost in New York,home-alone-2-lost-in-new-york,1992-10-01,2,1,home-alone-2-lost-in-new-york #14502: Super Nintendo 1992-10-01 | home-alone-2-lost-in-new-york--2 #243882: Sega Genesis 1993-12-31,,0,0,0,0,,cmolj0otj00b30m6s3d657y7c
,International Athletics,international-athletics,2008-08-01,2,2,"international-athletics #20321: Nintendo DS 2009-03-16, PlayStation Portable 2008-08-01 | international-athletics--1 #268173: Wii 2010-06-25",,0,0,0,0,,cmokgl086018k0md84umv80em
,International Track & Field,international-track-and-field-1,2000-12-31,2,4,"international-track-and-field--1 #266553: Game Boy Color 2000-12-31 | international-track-and-field #20406: PlayStation 1996-06-15, PlayStation 3 2008-08-07",,0,0,0,0,,cmokrawrv003g0m1akyvjjsze
,Iron Man 2,iron-man-2-2,2010-04-30,3,0,"iron-man-2--2 #200998: Nintendo DS 2010-04-30 | iron-man-2 #4936: Xbox 360 2010-04-30, PlayStation 3 2010-04-30 | iron-man-2--1 #80414: Wii 2010-04-30",,0,0,0,0,,cmokgl086018n0md8jkfd121b
,Jeopardy!,jeopardy-8,1998-10-28,2,0,jeopardy--8 #146802: PlayStation 1998-12-10 | jeopardy #3396: Nintendo 64 1998-02-25,,0,0,0,0,,cmokrpxo700wa0m4yxpyi48mh
,Jonny Moseley: Mad Trix,jonny-moseley-mad-trix,2002-03-12,2,1,jonny-moseley-mad-trix #49336: Game Boy Advance 2002-03-12 | jonny-moseley-mad-trix--1 #210006: PlayStation 2 2001-12-31,,0,0,0,0,,cmok6xf4500dy0mr1j1hpxfy1
,Judge Dredd,judge-dredd-2,1998-04-08,2,3,"judge-dredd--2 #36742: PlayStation 1998-04-08 | judge-dredd #4387: Super Nintendo 1995-06-16, Sega Genesis 1995-06-16",,0,0,0,0,,cmokrpxo700wr0m4y0lflbjkd
,Jurassic Park,jurassic-park-1,1993-10-01,4,0,"jurassic-park--1 #11067: Super Nintendo 1993-10-01 | jurassic-park--3 #25880: NES 1993-12-31 | jurassic-park #4519: Sega Genesis 1993-08-26 | jurassic-park--6 #134299: Master System 1993-12-31, Game Gear 1993-12-31",,0,0,0,0,,cmolj0otj00c10m6sg2zo1gro
,Jurassic Park Part 2: The Chaos Continues,jurassic-park-part-2-the-chaos-continues-1,1995-02-01,2,0,jurassic-park-part-2-the-chaos-continues--1 #147052: Game Boy 1995-02-01 | jurassic-park-part-2-the-chaos-continues #10677: Super Nintendo 1995-01-01,,0,0,0,0,,cmokr4jr8003c0mnes2ed8ryd
,Karaoke Revolution,karaoke-revolution-1,2003-11-04,2,6,"karaoke-revolution--1 #80460: PlayStation 2 2003-11-04, Xbox 2004-11-10 | karaoke-revolution #7034: Xbox 360 2009-11-24, Wii 2009-11-24, PlayStation 3 2009-11-24",,0,0,0,0,,cmokrweke01hq0mcvci66rxq6
,Kid Dracula,kid-dracula--1,1990-10-19,0,,,,0,0,1,0,,cmovp2jjz00060mbx9zzmxlrw
,Killzone: Liberation,killzone-liberation,2006-10-31,2,17,"killzone-liberation #1868: PlayStation Portable 2006-10-31 | killzone-liberation--1 #408989: PlayStation 4 2023-06-20, PlayStation 5 2023-06-20",,0,0,0,0,,cmokr0m4000np0m6gqenqocah
,Kirikou,kirikou,2001-12-16,2,0,kirikou #50028: Game Boy Color 2001-12-16 | kirikou--1 #220785: PlayStation 2001-11-09,,0,0,0,0,,cmokrawrv003w0m1ajg06edsx
,Kung Fu Panda 2,kung-fu-panda-2-1,2011-05-24,2,0,"kung-fu-panda-2--1 #200906: Nintendo DS 2011-05-24 | kung-fu-panda-2 #4965: Xbox 360 2011-05-24, Wii 2011-05-24, PlayStation 3 2011-05-24",,0,0,0,0,,cmokgl08701b00md8p9rbrhou
,LEGO Batman 2: DC Super Heroes,lego-batman-2-dc-super-heroes,2012-06-19,2,0,"lego-batman-2-dc-super-heroes--1 #196417: Nintendo 3DS 2012-06-19, Nintendo DS 2012-06-19, PlayStation Vita 2012-06-19 | lego-batman-2-dc-super-heroes #6836: Xbox 360 2012-06-19, Wii 2012-06-19, Wii U 2013-05-21, PlayStation 3 2012-06-19, Steam 2012-06-19",,0,0,0,0,,cmoknlgpc00pt0muuq0bfkf94
,LEGO Batman 3: Beyond Gotham,lego-batman-3-beyond-gotham,2014-11-11,2,0,"lego-batman-3-beyond-gotham #7685: PlayStation 4 2014-11-11, Wii U 2014-11-11, Xbox One 2014-11-11, PlayStation 3 2014-11-11, Xbox 360 2014-11-11, Steam 2014-11-11 | lego-batman-3-beyond-gotham--1 #346951: Nintendo 3DS 2014-11-11, PlayStation Vita 2014-11-11",,0,0,0,0,,cmoku7m1j03nt0md7j63q2mxf
,LEGO Batman: The Videogame,lego-batman-the-videogame,2008-09-23,2,0,"lego-batman-the-videogame #2738: PlayStation 2 2008-09-23, Xbox 360 2008-09-23, Wii 2008-09-23, PlayStation 3 2008-09-23, Steam 2008-09-23 | lego-batman-the-videogame--1 #259251: Nintendo DS 2008-09-23",PlayStation Portable 2008-09-23 (no-igdb-date: lego-batman-the-videogame #2738),0,0,0,0,,cmokr0m4000o30m6gouyuxcos
,Lethal Weapon,lethal-weapon-3,1992-12-01,2,1,lethal-weapon--3 #306182: Super Nintendo 1992-12-01 | lethal-weapon--1 #306176: NES 1993-04-01,,0,0,0,0,,cmolj0otk00ct0m6sh8vyptup
,LittleBigPlanet,littlebigplanet-1,2009-11-17,2,1,littlebigplanet--1 #21911: PlayStation Portable 2009-11-17 | littlebigplanet #1058: PlayStation 3 2008-10-27,,0,0,0,0,,cmokr0m4000o70m6g1orvkloh
,Lucky Luke,lucky-luke-2,1996-12-31,3,2,lucky-luke--2 #134833: Game Boy 1996-12-31 | lucky-luke--1 #46664: PlayStation 1998-11-03 | lucky-luke--3 #131706: Super Nintendo 1997-10-27,,0,0,0,0,,cmokr4jr8003r0mnex6ub2kkp
,Luv Me Buddies Wonderland,luv-me-buddies-wonderland-1,2015-02-19,2,1,luv-me-buddies-wonderland--1 #85265: Nintendo 3DS 2015-02-19 | luv-me-buddies-wonderland #85264: Wii U 2014-05-29,,0,0,0,0,,cmoknlhth00vw0muu6xzoad71
,Mahjong,mahjong-3,2016-08-30,2,7,"mahjong--3 #85683: PlayStation 4 2016-08-30, PlayStation 5 2022-12-15, Xbox One 2016-08-30, Xbox Series X|S 2024-06-04 | mahjong--6 #86409: Wii 2009-12-04",,0,0,0,0,,cmoku7n2f03xp0md7qmtqimqy
,Mahjong Solitaire,mahjong-solitaire-1,2010-06-29,2,2,"mahjong-solitaire--1 #210172: PlayStation Vita 2010-06-29, PlayStation Portable 2010-06-29 | mahjong-solitaire--2 #230697: Sega Genesis 2008-12-31",,0,0,0,0,,cmokkq3fo00gh0m4gemqq22nk
,Mario Golf,mario-golf-1,1999-10-05,2,0,"mario-golf--1 #135389: Nintendo 3DS 2012-10-11, Game Boy Color 1999-10-05 | mario-golf #3401: Nintendo 64 1999-07-26, Wii 2008-10-06, Wii U 2015-09-03",,0,0,0,0,,cmoknlhti00w70muum5ovovk8
,Mario Tennis,mario-tennis-1,2001-01-16,2,1,"mario-tennis--1 #128874: Nintendo 3DS 2013-12-26, Game Boy Color 2001-01-16 | mario-tennis #3406: Nintendo 64 2000-08-28, Wii 2010-06-18, Wii U 2015-07-09",,0,0,0,0,,cmoknlhti00wf0muuovbp20ta
,Mario vs. Donkey Kong,mario-vs-donkey-kong,2004-05-24,2,20,"mario-vs-donkey-kong #6505: Game Boy Advance 2004-05-24, Nintendo 3DS 2013-05-09, Wii U 2015-09-17 | mario-vs-donkey-kong--1 #266674: Nintendo Switch 2024-02-16",,0,0,0,2,Remake,cmok6xf4600fh0mr1rjy7sb6q
,Marvel: Ultimate Alliance 2,marvel-ultimate-alliance-2-1,2009-09-15,2,0,"marvel-ultimate-alliance-2--1 #200963: Nintendo DS 2009-09-15 | marvel-ultimate-alliance-2 #568: PlayStation Portable 2009-09-22, PlayStation 2 2009-09-15, Xbox 360 2009-09-15, PlayStation 4 2016-07-26, Wii 2009-09-15, PlayStation 3 2009-09-15, Xbox One 2016-07-28",,0,0,0,0,,cmokgl1ci01jx0md8ve1ogset
,Metal Slug X,metal-slug-x,1999-03-19,2,2,metal-slug-x #18840: Neo Geo 1999-05-27 | metal-slug-x--1 #191478: PlayStation 2001-05-15,,0,0,1,0,,cmrxpajci000a0mssw8bpehbb
,Metroid Prime,metroid-prime,2002-11-17,1,,metroid-prime #1105: GameCube 2002-11-17,Wii 2009-08-24 (non-western: metroid-prime--2 #134257),0,0,1,2,Remastered,cmolkomh300760mz89qocbggf
,Metroid Prime 2: Echoes,metroid-prime-2-echoes,2004-11-15,1,,metroid-prime-2-echoes #1108: GameCube 2004-11-15,Wii 2009-08-24 (non-western: metroid-prime-2-echoes--2 #134258),0,0,1,0,,cmolkomh300770mz85alhgvp9
,Midnight Club: Street Racing,midnight-club-street-racing,2000-10-26,2,1,"midnight-club-street-racing--1 #194265: Game Boy Advance 2001-11-14 | midnight-club-street-racing #6509: PlayStation 2 2000-10-26, PlayStation 3 2013-05-06",,0,0,0,0,,cmok6xf4600gc0mr14px5gu2b
,Mighty Morphin Power Rangers,mighty-morphin-power-rangers-fa4e8d30-d1cf-46cb-8c9c-e8dd087abaa8,1994-11-23,3,0,mighty-morphin-power-rangers-fa4e8d30-d1cf-46cb-8c9c-e8dd087abaa8 #3324: Super Nintendo 1994-11-23 | mighty-morphin-power-rangers--1 #75974: Sega Genesis 1994-11-23 | mighty-morphin-power-rangers--3 #75979: Game Gear 1994-12-31,,0,0,0,0,,cmolj0otk00dv0m6sxy9bnu1x
,Mighty Morphin Power Rangers: The Movie,mighty-morphin-power-rangers-the-movie,1995-06-30,3,0,mighty-morphin-power-rangers-the-movie #3288: Super Nintendo 1995-06-30 | mighty-morphin-power-rangers-the-movie--1 #75980: Sega Genesis 1995-09-01 | mighty-morphin-power-rangers-the-movie--3 #75982: Game Gear 1995-12-31,,0,0,0,0,,cmolj0otk00dx0m6s5iip45ad
,Monster Trucks Mayhem,monster-trucks-mayhem,2006-10-05,2,3,monster-trucks-mayhem #49248: Game Boy Advance 2006-10-05 | monster-trucks-mayhem--1 #50718: Wii 2009-10-22,,0,0,0,0,,cmok6xgdn00ma0mr1sfscu9ml
,MotoGP,motogp-4,2002-02-15,2,2,motogp--4 #282659: Game Boy Advance 2002-02-15 | motogp #23012: PlayStation 2 2000-10-26,,0,0,0,0,,cmok6xgdn00md0mr1ql5hl34y
,MotoGP '07,motogp-07-1,2007-10-01,2,0,motogp-07--1 #186046: PlayStation 2 2007-10-01 | motogp-07 #7079: Xbox 360 2007-08-24,,0,0,0,0,,cmokrwfvs01sq0mcv6zyg4apx
,MotoGP 2,motogp-2-2,2002-02-13,2,1,motogp-2--2 #195571: PlayStation 2 2002-02-13 | motogp-2 #5933: Xbox 2003-05-16,,0,0,0,0,,cmokrwfvs01ss0mcv3owpej4z
,My Farm,my-farm-2,2018-08-23,2,5,my-farm--2 #107900: Nintendo Switch 2018-08-23 | my-farm #84717: Wii U 2013-02-06,,0,0,0,0,,cmokuwrde07cc0mk6l7t4v3v7
,Need for Speed: Undercover,need-for-speed-undercover,2008-11-18,2,0,"need-for-speed-undercover--4 #248142: PlayStation 2 2008-11-18 | need-for-speed-undercover #101: Xbox 360 2008-11-18, PlayStation 3 2008-11-18",,0,0,0,0,,cmokrwh3d020q0mcvno9oar7v
,NFL Football,nfl-football-6,1990-12-31,3,4,nfl-football--6 #259471: Game Boy 1990-12-31 | nfl-football #64743: Super Nintendo 1993-12-31 | nfl-football--2 #78936: NES 1989-09-01,,0,0,0,0,,cmokr4jr9004i0mnebshz2r00
,Ninja Assault,ninja-assault,2000-11-18,2,11,ninja-assault #13901: PlayStation 2 2002-10-04 | ninja-assault--1 #245110: NES 1991-09-01,,0,0,0,0,,cmokrwh3d021s0mcv191ezgq6
,Outlaw Golf,outlaw-golf-1,2002-06-10,2,0,outlaw-golf #3438: GameCube 2002-10-29 | outlaw-golf--1 #200896: Xbox 2002-06-10,PlayStation 2 2002-06-10 (no-igdb-date: outlaw-golf--1 #200896),0,0,0,0,,cmokrwh3d022q0mcvq08rvxtz
,Overwatch,overwatch,2016-05-24,2,6,"overwatch #8173: PlayStation 4 2016-05-24, Nintendo Switch 2019-10-15, Xbox One 2016-05-24 | overwatch--1 #125174: PlayStation 5 2022-10-04, Nintendo Switch 2 2026-04-14, Xbox Series X|S 2022-10-04",,0,0,0,0,,cmoku7qay04tp0md7n1pwxwgb
,Paper Mario: The Thousand-Year Door,paper-mario-the-thousand-year-door,2004-10-11,2,20,paper-mario-the-thousand-year-door #3349: GameCube 2004-10-11 | paper-mario-the-thousand-year-door--1 #266690: Nintendo Switch 2024-05-23,,0,0,0,0,Remake,cmolkomh3007g0mz8b40iwwa1
,Penny Racers,penny-racers-1,1996-10-01,2,3,penny-racers--1 #133238: PlayStation 1996-10-01 | penny-racers #1292: Nintendo 64 1999-02-04,,0,0,0,0,,cmokrq08e01gb0m4yf5ncksr7
,Perfect Dark,perfect-dark-2,2000-08-01,2,0,perfect-dark--2 #1464: Game Boy Color 2000-08-28 | perfect-dark #1463: Nintendo 64 2000-05-22,,0,0,0,0,,cmokrayar00b30m1adi9jkbel
,Petanque Pro,petanque-pro-1,2007-03-23,2,2,petanque-pro--1 #362493: PlayStation 2 2007-03-23 | petanque-pro #92622: Wii 2009-09-06,,0,0,0,0,,cmokrwh3d023g0mcvj1af1y6z
,Phoenix Wright: Ace Attorney,phoenix-wright-ace-attorney,2005-09-15,2,9,"phoenix-wright-ace-attorney #1426: Nintendo DS 2005-10-11 | phoenix-wright-ace-attorney--3 #221285: Nintendo 3DS 2014-04-17, Nintendo Switch 2019-04-09, PlayStation 4 2019-04-09, Xbox One 2019-04-09, Steam 2019-04-09",,0,0,2,1,,cmpxer4lm00000mtlvgt3qhg0
,Phoenix Wright: Ace Attorney - Dual Destinies,phoenix-wright-ace-attorney-dual-destinies,2013-08-14,2,11,"phoenix-wright-ace-attorney-dual-destinies #1432: Nintendo 3DS 2013-10-24 | phoenix-wright-ace-attorney-dual-destinies--1 #253012: Nintendo Switch 2024-01-25, PlayStation 4 2024-01-25, Xbox One 2024-01-25, Steam 2024-01-25",,0,0,2,0,,cmoknlhtk010c0muuos6sxurb
,Phoenix Wright: Ace Attorney - Spirit of Justice,phoenix-wright-ace-attorney-spirit-of-justice,2016-09-08,2,8,"phoenix-wright-ace-attorney-spirit-of-justice #12077: Nintendo 3DS 2016-09-08 | phoenix-wright-ace-attorney-spirit-of-justice--1 #253014: Nintendo Switch 2024-01-25, PlayStation 4 2024-01-25, Xbox One 2024-01-25, Steam 2024-01-25",,0,0,2,0,,cmoknlhtk010d0muu3rz892uw
,Phoenix Wright: Ace Attorney - Trials and Tribulations,phoenix-wright-ace-attorney-trials-and-tribulations,2007-08-23,2,7,"phoenix-wright-ace-attorney-trials-and-tribulations #1428: Wii 2010-05-10, Nintendo DS 2007-10-23 | phoenix-wright-ace-attorney-trials-and-tribulations--1 #221287: Nintendo 3DS 2014-04-17, Nintendo Switch 2019-04-09, PlayStation 4 2019-04-09, Xbox One 2019-04-09",PC 2007-08-23 (no-igdb-date: phoenix-wright-ace-attorney-trials-and-tribulations #1428) | Steam 2019-04-09 (no-igdb-date: phoenix-wright-ace-attorney-trials-and-tribulations #1428),0,0,2,1,,cmpxerex4000a0mtlo0ohdk2x
,Pink Pong,pink-pong,2005-03-25,2,19,pink-pong #43586: PlayStation 2 2005-03-25 | pink-pong--1 #287585: PlayStation 5 2024-02-19,,0,0,0,0,,cmokrwh3d023p0mcvuolizdrz
,Pixel Paint,pixel-paint-1,2016-08-25,3,8,pixel-paint--1 #85592: Nintendo 3DS 2016-08-25 | pixel-paint--2 #223521: Nintendo Switch 2022-10-31 | pixel-paint #84818: Wii U 2014-10-30,,0,0,0,0,,cmoknlixb016x0muugp6703cz
,Pop'n TwinBee,popn-twinbee-2,1994-09-01,2,1,"popn-twinbee--2 #144657: Game Boy 1994-09-01 | popn-twinbee #51948: Super Nintendo 1993-11-01, Wii U 2014-10-07",Nintendo 3DS 1994-09-01 (non-western: popn-twinbee--2 #144657) | Nintendo Switch 1993-11-01 (no-igdb-date: popn-twinbee #51948),0,0,0,0,,cmoknlixc017q0muu8gl0rzwp
,Popstars,popstars-1,2010-01-01,2,1,"popstars--1 #268384: Nintendo DS 2010-01-01, Wii 2010-01-01 | popstars #92843: PlayStation 3 2011-01-12",,0,0,0,0,,cmokgl2g801yn0md8mh1r1abj
,Power Rangers: Lightspeed Rescue,power-rangers-lightspeed-rescue-1,2000-06-26,3,0,power-rangers-lightspeed-rescue--1 #248766: Game Boy Color 2000-06-26 | power-rangers-lightspeed-rescue--2 #275179: PlayStation 2000-09-27 | power-rangers-lightspeed-rescue #3290: Nintendo 64 2000-09-28,,0,0,0,0,,cmokrayar00be0m1aupj5lmo2
,Power Strike II,power-strike-ii,1993-09-01,2,0,power-strike-ii #46337: Master System 1993-09-01 | power-strike-ii--1 #80837: Game Gear 1993-12-31,,0,0,0,0,,cmolqt25b003b0mb7uflrf66u
,Pro Wrestling,pro-wrestling,1987-03-01,2,4,pro-wrestling #9512: NES 1987-03-01 | pro-wrestling--1 #18143: Master System 1991-12-31,,0,0,0,0,,cmolj91i100lw0mh1cyapyiwi
,Rambo III,rambo-iii-2,1989-12-01,2,1,rambo-iii--2 #136726: Sega Genesis 1989-12-01 | rambo-iii--1 #18145: Master System 1988-12-01,,0,0,0,0,,cmolqp0m200ju0m1ttbnjk56l
,Reader Rabbit 2nd Grade,reader-rabbit-2nd-grade-1,2011-06-01,0,,,,0,0,0,0,,cmoljmowy01gu0m1uijttoef0
,Reaper,reaper,2013-09-09,0,,,,0,0,0,0,,cmokuwzkt090s0mk64032ih0x
,Resident Evil,resident-evil,none,4,19,"resident-evil--1 #24869: GameCube 2002-04-30 | resident-evil #424: PlayStation 1996-03-30 | resident-evil--3 #8254: PlayStation 3 2015-01-20, Xbox 360 2015-01-20, PlayStation 4 2015-01-20, Xbox One 2015-01-20, Nintendo Switch 2019-05-21 | resident-evil--4 #288943: Sega Saturn 1997-08-31",,1,0,1,0,Director's Cut; Remake; HD Remaster,cmo2dx0re000jno01oykomyea
,Resident Evil 4,resident-evil-4,2005-01-11,3,6,"resident-evil-4 #974: GameCube 2005-01-11 | resident-evil-4--2 #145191: PlayStation 2 2005-10-25 | resident-evil-4--3 #20065: PlayStation 3 2011-09-20, Xbox 360 2011-09-20, Xbox One 2016-08-30, Nintendo Switch 2019-05-21",PlayStation 4 2016-08-30 (ambiguous: resident-evil-4--3 #20065; resident-evil-4--1 #132181),0,0,1,0,Wii Edition,cmrwtjkls000h0mozy06r8ppf
,Rio,rio-1,2011-04-07,2,0,"rio--1 #209217: Nintendo DS 2011-04-07 | rio #94083: Xbox 360 2011-04-07, Wii 2011-04-07, PlayStation 3 2011-04-07",,0,0,0,0,,cmokgl3k6026g0md8r97cyi78
,Risk,risk,2013-06-10,2,0,"risk #16458: PlayStation 4 2015-02-03 | risk--4 #82434: Nintendo Switch 2018-10-30, Xbox One 2015-02-03",,0,0,0,0,,cmoku7tq605o90md7z4ijaf69
,Road Rash,road-rash-1,1994-07-01,2,5,"road-rash--1 #141271: PlayStation 1996-02-01, Sega Saturn 1996-08-01 | road-rash #3249: Sega Genesis 1991-09-30",,0,0,0,0,,cmokrq1g001oy0m4yxuisvots
,Road Rash: Jailbreak,road-rash-jailbreak,2003-10-17,2,3,road-rash-jailbreak #49178: Game Boy Advance 2003-10-17 | road-rash-jailbreak--1 #44897: PlayStation 2000-01-26,,0,0,0,0,,cmok6xgdo00p20mr12mh9njt6
,RoboCop,robocop-5,2001-12-31,2,2,"robocop--5 #112909: Game Boy Color 2001-12-31 | robocop--1 #12844: PlayStation 2 2003-04-30, Xbox 2003-04-30",GameCube 2003-04-30 (non-western: robocop--1 #12844),0,0,0,0,,cmokrayar00c20m1amv5zo5c3
,RoboCop 3,robocop-3-1,1992-09-01,2,0,robocop-3--1 #19695: Super Nintendo 1992-09-01 | robocop-3--4 #380155: NES 1992-08-01,,0,0,0,0,,cmolj0pxr00lu0m6stvamuu3y
,Robox,robox-1,2019-04-22,2,9,"robox--1 #147916: PlayStation 4 2019-10-25, Nintendo Switch 2019-04-22 | robox #66748: Wii 2010-09-24",,0,0,0,0,,cmoku7tq605oz0md74zbg6omj
,Scooby-Doo Mystery,scooby-doo-mystery,1995-11-01,2,0,scooby-doo-mystery #2855: Super Nintendo 1995-11-01 | scooby-doo-mystery--1 #137094: Sega Genesis 1995-09-01,,0,0,0,0,,cmolj0pxr00m50m6s6r4kf3og
,Shanghai,shanghai-1,1989-07-28,1,,shanghai #12765: Master System 1988-10-01,Game Boy 1989-07-28 (non-western: shanghai--1 #64739) | NES 1986-10-01 (no-igdb-date: shanghai #12765),0,0,0,0,,cmokr4l2500b50mnev7h3fkc7
,Shanghai II: Dragon's Eye,shanghai-ii-dragon-s-eye,1990-12-31,2,1,"shanghai-ii-dragons-eye--1 #406086: Super Nintendo 1993-02-01 | shanghai-ii-dragons-eye--2 #406087: Wii 2009-11-01, Sega Genesis 1994-03-01",,0,0,0,0,,cmolj0pxr00mc0m6s1mohqgd0
,Shooting Gallery,shooting-gallery-6,1991-09-01,2,4,shooting-gallery--6 #245091: NES 1991-09-01 | shooting-gallery--3 #79985: Master System 1987-12-31,,0,0,0,0,,cmolj91i100n30mh16m5apfqr
,Shrek the Third,shrek-the-third-1,2007-05-08,2,0,"shrek-the-third--1 #200881: Game Boy Advance 2007-05-15, Nintendo DS 2007-05-08 | shrek-the-third #3669: PlayStation Portable 2007-05-15, PlayStation 2 2007-05-15, Xbox 360 2007-05-15, Wii 2007-05-15",,0,0,0,0,,cmok6xgdp00qc0mr1wku5v9fa
,Silent Hill 2,silent-hill-2,2001-09-24,2,11,"silent-hill-2 #481: PlayStation 2 2001-09-24 | silent-hill-2--2 #222485: PlayStation 3 2012-03-20, Xbox 360 2012-03-20",,1,0,1,0,Restless Dreams,cmokrwjo902lj0mcv0accfd5l
,Silent Hill 3,silent-hill-3,2003-05-23,2,9,"silent-hill-3 #482: PlayStation 2 2003-08-05 | silent-hill-3--1 #222486: PlayStation 3 2012-03-20, Xbox 360 2012-03-20",,1,0,1,0,,cmokrwjo902lk0mcvzt125mkw
,Slalom,slalom,1987-08-01,2,6,slalom #14589: NES 1987-08-01 | slalom--1 #245138: Sega Genesis 1993-05-28,,0,0,0,0,,cmolj91i100nh0mh1yeugye1p
,Sled Storm,sled-storm-1,1999-07-31,2,3,sled-storm--1 #81484: PlayStation 1999-07-31 | sled-storm #8264: PlayStation 2 2002-03-11,,0,0,0,0,,cmokrq1g301rj0m4y8fsz41kq
,Small Soldiers,small-soldiers-1,1998-11-01,2,0,small-soldiers--1 #166528: Game Boy 1998-11-01 | small-soldiers #71671: PlayStation 1998-11-02,,0,0,0,0,,cmokr4l2600ba0mnecn9z7kls
,Sonic the Hedgehog,sonic-the-hedgehog,1991-06-23,2,0,"sonic-the-hedgehog #3192: Xbox 360 2007-05-01, Wii 2008-08-04, PlayStation 3 2011-03-02, Sega Genesis 1991-06-23 | sonic-the-hedgehog--2 #106274: Master System 1991-10-08",,0,0,0,0,,cmokskztd01gm0mkp4bucjaht
,Sonic the Hedgehog 2,sonic-the-hedgehog-2,1992-11-01,2,0,"sonic-the-hedgehog-2 #4438: Nintendo 3DS 2013-06-27, Xbox 360 2007-09-12, Wii 2007-06-11, Wii U 2012-11-18, PlayStation 3 2011-04-20, Sega Genesis 1992-11-01 | sonic-the-hedgehog-2--1 #112884: Master System 1992-10-16, Game Gear 1992-10-29",,0,0,0,0,,cmoknlixd01am0muuzst64f2q
,Space Camp,space-camp-1,2009-05-26,2,0,space-camp--1 #68734: Nintendo DS 2009-05-26 | space-camp--2 #208867: Wii 2009-05-26,,0,0,0,0,,cmokgl3k8029f0md8us3lgdbe
,Spider-Man,spider-man-5,2000-08-24,3,7,"spider-man--5 #3603: PlayStation 2000-08-30, Nintendo 64 2000-11-21, Dreamcast 2001-04-19 | spider-man--1 #19114: PlayStation 2 2002-04-15, GameCube 2002-04-15 | spider-man--4 #4500: Super Nintendo 1995-02-13, Sega Genesis 1995-02-13",,0,0,0,0,,cmokrq1g401sa0m4ymve6gmrg
,Spider-Man 2,spider-man-2-2,2004-06-29,2,0,"spider-man-2--2 #200980: Game Boy Advance 2004-06-29 | spider-man-2 #6285: PlayStation 2 2004-06-28, GameCube 2004-06-28, Xbox 2004-06-28",,0,0,0,0,,cmok6xgdp00qt0mr1lx2a2im5
,Spider-Man 3,spider-man-3-1,2007-05-04,3,0,"spider-man-3--1 #200967: Game Boy Advance 2007-05-04 | spider-man-3--8 #252200: Nintendo DS 2007-05-04 | spider-man-3 #5178: Xbox 360 2007-05-04, PlayStation 3 2007-05-04",,0,0,0,0,,cmok6xgdp00qu0mr1q1z43j3r
,Sports Illustrated: Championship Football & Baseball,sports-illustrated-championship-football-and-baseball-1,1993-11-01,2,0,sports-illustrated-championship-football-and-baseball--1 #49013: Game Boy 1993-11-01 | sports-illustrated-championship-football-and-baseball--2 #273410: Game Gear 1993-12-31,,0,0,0,0,,cmokr4l2600bl0mne2y1n8nkb
,Star Wars Pinball,star-wars-pinball,2013-02-27,2,6,"star-wars-pinball #86260: PlayStation Vita 2013-05-14, Nintendo 3DS 2013-09-19, Wii U 2013-07-11 | star-wars-pinball--2 #136076: Nintendo Switch 2019-09-13",,0,0,0,0,,cmokkq5t000yy0m4gi9ew138q
,Star Wars: Episode I - Jedi Power Battles,star-wars-episode-i-jedi-power-battles,2000-04-04,2,25,"star-wars-episode-i-jedi-power-battles #6606: PlayStation 2000-04-04 | star-wars-episode-i-jedi-power-battles--3 #319362: Nintendo Switch 2025-01-23, Xbox One 2025-01-23, Xbox Series X|S 2025-01-23",,0,0,0,0,,cmokrq1g401sq0m4y02f8s1rd
,StarDrone,stardrone-1,2018-01-17,2,7,"stardrone--1 #82029: PlayStation 4 2018-01-17, Nintendo Switch 2019-03-21 | stardrone #10890: PlayStation 3 2011-03-02",,0,0,0,0,,cmoku7x3706i10md77fjfgzzh
,Stargate,stargate-1,1994-12-31,2,1,"stargate--1 #19689: Game Boy 1994-12-31, Game Gear 1994-12-31 | stargate #10162: Super Nintendo 1995-04-01, Sega Genesis 1995-03-01",,0,0,0,0,,cmokr4l2600br0mne7k6u6v41
,Street Fighter 6,street-fighter-6,2023-06-02,2,2,"street-fighter-6 #191692: PlayStation 5 2023-06-02, Xbox Series X|S 2023-06-02 | street-fighter-6--1 #343673: Nintendo Switch 2 2025-06-05",,0,0,0,0,Years 1-2 Fighters Edition,cmokui7eh03ld0m1rbo3pcd2y
,Stuart Little 2,stuart-little-2,2002-08-12,2,0,stuart-little-2 #49218: Game Boy Advance 2002-08-12 | stuart-little-2--1 #121606: PlayStation 2002-07-17,,0,0,0,0,,cmok6xgdq00rg0mr14q3ait49
,Super Black Bass,super-black-bass,1998-12-01,2,5,super-black-bass #49085: Game Boy 1998-12-01 | super-black-bass--1 #207214: Super Nintendo 1993-12-31,,0,0,0,0,,cmokr4l2600bx0mne25im67ce
,Super Mario 3D World,super-mario-3d-world,2013-11-21,2,8,super-mario-3d-world #2180: Wii U 2013-11-21 | super-mario-3d-world--1 #229339: Nintendo Switch 2021-02-12,,0,0,1,1,,cmolk89ux00fj0m66zsemekgo
,Super Mario Galaxy 2,super-mario-galaxy-2,2010-05-23,2,15,"super-mario-galaxy-2 #1078: Wii 2010-05-23, Wii U 2015-01-13 | super-mario-galaxy-2--1 #366900: Nintendo Switch 2025-10-02",,0,0,1,1,,cmoljmq1f01pu0m1ukbzklepv
,Superman: The Man of Steel,superman-the-man-of-steel,2002-11-19,2,9,"superman-the-man-of-steel #6183: Xbox 2002-11-19 | superman-the-man-of-steel--2 #134153: Master System 1993-12-31, Game Gear 1993-12-31",,0,0,0,0,,cmollbqxb00kk0m2g92rm3f3r
,Table Football,table-football-1,2012-12-31,2,4,table-football--1 #88895: PlayStation Vita 2012-12-31 | table-football #85421: Wii 2008-08-15,,0,0,0,0,,cmokkq5t000zv0m4g3f39xjhp
,Taxi 3,taxi-3-1,2003-01-30,2,0,"taxi-3--1 #282673: Game Boy Color 2003-01-30 | taxi-3 #138156: PlayStation 2 2003-02-23, GameCube 2003-02-23",,0,0,0,0,,cmokrayas00d40m1ahrdoyrc2
,Taz-Mania,taz-mania-1,1994-09-01,4,2,taz-mania--1 #19137: Game Boy 1994-09-01 | taz-mania--3 #158990: Super Nintendo 1993-05-31 | taz-mania #8066: Sega Genesis 1992-12-25 | taz-mania--6 #365672: Master System 1992-12-25,,0,0,0,0,,cmokr4l2600c80mnexe4zsueq
,Tecmo Super Bowl,tecmo-super-bowl-2,1996-08-10,2,5,tecmo-super-bowl--2 #80373: PlayStation 1996-08-10 | tecmo-super-bowl--1 #16595: NES 1991-12-01,,0,0,0,0,,cmokrq2wm01zr0m4ygena69ig
,Teen Titans,teen-titans-1,2005-10-16,2,1,teen-titans--1 #201730: Game Boy Advance 2005-10-16 | teen-titans #4195: PlayStation 2 2006-05-24,,0,0,0,0,,cmok6xhed00xh0mr1ebkuizgg
,Teenage Mutant Ninja Turtles: Tournament Fighters,teenage-mutant-ninja-turtles-tournament-fighters-1,1993-09-04,3,1,teenage-mutant-ninja-turtles-tournament-fighters--1 #134079: Super Nintendo 1993-09-04 | teenage-mutant-ninja-turtles-tournament-fighters #48274: NES 1994-02-01 | teenage-mutant-ninja-turtles-tournament-fighters--2 #134080: Sega Genesis 1993-12-01,,0,0,1,0,,cmolj0pxt00p20m6s6xp0cgkm
,Terminator 2: Judgment Day,terminator-2-judgment-day,1993-09-01,2,1,"terminator-2-judgment-day #12793: Super Nintendo 1993-09-01, Sega Genesis 1993-12-01 | terminator-2-judgment-day--2 #398854: NES 1992-02-01",,0,0,0,0,,cmolj0pxt00p30m6s8qb6sl23
,Texas Hold 'Em Poker,texas-hold-em-poker,2004-11-01,2,5,"texas-hold-em-poker #18051: Game Boy Advance 2004-11-01, Nintendo DS 2005-11-01 | texas-hold-em-poker--1 #131511: Wii 2009-08-28",,0,0,0,0,,cmok6xhed00xl0mr1hal8b06s
,The Adventures of Batman & Robin,the-adventures-of-batman-robin,1994-12-01,2,1,the-adventures-of-batman-robin #5346: Super Nintendo 1994-12-01 | the-adventures-of-batman-and-robin--1 #234834: Sega Genesis 1995-08-02,,0,0,0,0,,cmolj0pxt00p80m6sxnmkaxk8
,The Elder Scrolls V: Skyrim,the-elder-scrolls-v-skyrim,2011-11-11,2,6,"the-elder-scrolls-v-skyrim #472: PlayStation 3 2011-11-11, Xbox 360 2011-11-11 | the-elder-scrolls-v-skyrim--1 #37034: Nintendo Switch 2017-11-17",,0,0,0,0,Legendary Edition; Special Edition,cmrwtl2i800100moz8in1yui9
,The Flash,the-flash-1,1991-03-01,2,2,the-flash--1 #100289: Game Boy 1991-03-01 | the-flash #48945: Master System 1993-12-31,,0,0,0,0,,cmokr4l2600co0mnea8cpk2q6
,The Flintstones,the-flintstones-4,1995-02-28,2,7,the-flintstones--4 #59872: Super Nintendo 1995-02-28 | the-flintstones #47227: Master System 1988-12-31,Sega Genesis 1993-02-22 (ambiguous: the-flintstones--5 #277144 Delisted; the-flintstones--1 #51942),0,0,0,0,,cmolj0r2000v40m6sa29tt720
,The Incredible Crash Dummies,the-incredible-crash-dummies,1993-10-01,2,0,"the-incredible-crash-dummies #2160: Super Nintendo 1993-10-01, Sega Genesis 1994-12-31 | the-incredible-crash-dummies--4 #365655: NES 1993-12-31",,0,0,0,0,,cmolj0r2000va0m6snpi8tm1a
,The Italian Job,the-italian-job-1,2001-10-05,2,2,"the-italian-job--1 #135936: PlayStation 2001-10-05 | the-italian-job #3959: PlayStation 2 2003-06-24, GameCube 2003-07-15, Xbox 2003-06-24",,0,0,0,0,,cmokrq2wn02100m4ysdcptqi5
,The King of Fighters '96,the-king-of-fighters-96,1996-09-27,2,13,"the-king-of-fighters-96 #12588: PlayStation Portable 2011-10-11, Wii 2012-07-12, PlayStation 3 2011-10-11 | the-king-of-fighters-96--1 #261014: NES 1998-08-09",PlayStation 1996-09-27 (non-western: the-king-of-fighters-96 #12588) | Sega Saturn 1996-09-27 (non-western: the-king-of-fighters-96 #12588),0,0,0,0,,cmokr0pr201ft0m6gxund6mwa
,The Land Before Time,the-land-before-time,2002-02-01,2,1,the-land-before-time #69555: Game Boy Advance 2002-02-01 | the-land-before-time--1 #209817: Game Boy Color 2001-07-01,,0,0,0,0,,cmok6xhed00y30mr1aco657xq
,The Legend of Zelda: Link's Awakening,the-legend-of-zelda-links-awakening,1993-08-06,2,26,the-legend-of-zelda-links-awakening #1028: Game Boy 1993-08-06 | the-legend-of-zelda-links-awakening--1 #115284: Nintendo Switch 2019-09-20,,0,0,0,2,DX; Remake,cmokr4l2600cw0mnea8ij7nxw
,The Legend of Zelda: Twilight Princess,the-legend-of-zelda-twilight-princess,2006-11-19,2,0,the-legend-of-zelda-twilight-princess--1 #134014: Wii 2006-11-19 | the-legend-of-zelda-twilight-princess #1036: GameCube 2006-12-11,,0,0,0,0,,cmrww92yp00000mwgaatm3ryn
,The Lord of the Rings: The Return of the King,the-lord-of-the-rings-the-return-of-the-king-2,2003-12-31,2,0,"the-lord-of-the-rings-the-return-of-the-king--2 #308133: Game Boy Advance 2003-12-31 | the-lord-of-the-rings-the-return-of-the-king #2973: PlayStation 2 2003-11-05, GameCube 2003-11-05, Xbox 2003-11-05",,0,0,0,0,,cmok6xhed00y60mr1icor18sf
,The Lost World: Jurassic Park,the-lost-world-jurassic-park-3,1997-12-01,3,0,"the-lost-world-jurassic-park--3 #147441: Game Boy 1997-12-01 | the-lost-world-jurassic-park--1 #19536: PlayStation 1997-08-27, Sega Saturn 1997-09-30 | the-lost-world-jurassic-park--4 #147442: Game Gear 1997-12-01",,0,0,0,0,,cmokr4l2600cx0mnetnnjghwb
,The Mummy,the-mummy,2002-11-20,4,4,the-mummy #49323: Game Boy Advance 2002-11-20 | the-mummy--3 #281548: Game Boy Color 2000-12-06 | the-mummy--1 #80821: PlayStation 2000-11-17 | the-mummy--2 #140987: PlayStation 2 2004-10-15,,0,0,0,0,,cmok6xhed00y90mr1wcgo7v0e
,The Pirates of Dark Water,the-pirates-of-dark-water,1994-05-01,2,0,the-pirates-of-dark-water #8104: Super Nintendo 1994-05-01 | the-pirates-of-dark-water--2 #342059: Sega Genesis 1994-05-01,,0,0,0,0,,cmolj0r2000vo0m6s0tpysvt7
,The Rocketeer,the-rocketeer-1,1991-12-31,2,1,the-rocketeer--1 #136871: Super Nintendo 1992-12-31 | the-rocketeer #48205: NES 1991-06-01,,0,0,0,0,,cmolj0r2100vs0m6svdt98jsb
,The Smurfs,the-smurfs-2,2011-07-19,2,4,the-smurfs--2 #80521: Nintendo DS 2011-07-19 | the-smurfs--1 #23482: Nintendo 3DS 2015-10-13,,0,0,0,0,,cmokgl4rw02ie0md8e6k7uy0e
,The Smurfs 2,the-smurfs-2-1,2013-07-18,2,0,the-smurfs-2--1 #83900: Nintendo DS 2013-07-18 | the-smurfs-2 #2597: Wii U 2013-07-18,,0,0,0,0,,cmokgl4rw02if0md8x9g10rmp
,Tom and Jerry,tom-and-jerry-2,1999-09-27,2,8,tom-and-jerry--2 #218399: Game Boy Color 1999-09-27 | tom-and-jerry #8025: NES 1991-12-01,,0,0,0,0,,cmokrayas00ds0m1a7rr93g2l
,Tom Clancy's Ghost Recon,tom-clancy-s-ghost-recon,2001-11-13,2,8,"tom-clancy-s-ghost-recon #1294: PlayStation 2 2002-12-01, GameCube 2003-02-09, Xbox 2002-11-11 | tom-clancys-ghost-recon #77978: Wii 2010-11-16",,0,0,0,0,,cmokrwm92037k0mcvvtfqkhn4
,Tom Clancy's Splinter Cell,tom-clancy-s-splinter-cell,2002-11-12,2,17,"tom-clancy-s-splinter-cell #910: PlayStation 2 2003-03-28, Xbox 2002-11-12 | tom-clancys-splinter-cell #90689: Xbox One 2019-06-11",,0,0,0,0,,cmokrwm92037p0mcvy15z67m1
,Top Gun,top-gun-2,2006-04-28,3,4,top-gun--2 #22913: Nintendo DS 2006-04-28 | top-gun--4 #196226: PlayStation 2 2007-10-05 | top-gun--3 #187357: PlayStation 3 2010-08-17,,0,0,0,0,,cmokgl4rw02jk0md8nzmj9dkb
,Toxic Crusaders,toxic-crusaders-1,1992-03-31,2,0,toxic-crusaders--1 #175121: NES 1992-03-31 | toxic-crusaders #8022: Sega Genesis 1992-02-19,,0,0,0,0,,cmolj92lt00w90mh1ge06z2ha
,Toy Story 3,toy-story-3-2,2010-06-15,2,12,"toy-story-3--2 #287629: PlayStation Portable 2010-06-15 | toy-story-3--3 #408990: PlayStation 4 2022-09-20, PlayStation 5 2022-09-20",,0,0,0,0,,cmokr0pr201gz0m6gzbhbibom
,Toy Story 3: The Video Game,toy-story-3-the-video-game-1,2010-07-15,2,0,"toy-story-3-the-video-game--1 #202117: Nintendo DS 2010-07-15 | toy-story-3-the-video-game #5240: Xbox 360 2010-07-15, Wii 2010-07-15, PlayStation 3 2010-06-15",,0,0,0,0,,cmokgl4rw02kd0md82yc9z4lv
,Toy Story Racer,toy-story-racer,2001-03-02,2,0,toy-story-racer--1 #404086: Game Boy Color 2001-02-28 | toy-story-racer #18944: PlayStation 2001-03-02,,0,0,0,0,,cmokrayas00e40m1alnf2z4fp
,Vegas Casino,vegas-casino,2007-04-27,2,7,vegas-casino #69973: Nintendo DS 2007-04-27 | vegas-casino--2 #79373: PlayStation 2000-09-01,Sega Saturn 2000-09-01 (non-western: vegas-casino--2 #79373),0,0,0,0,,cmokgl4rx02lj0md80ttd7lrq
,Wacky Races,wacky-races-3,2000-06-09,3,8,wacky-races--3 #205917: Game Boy Color 2000-06-09 | wacky-races--2 #81548: PlayStation 2000-09-16 | wacky-races--1 #81547: NES 1992-12-31,,0,0,0,0,,cmokrayas00ef0m1al4emsi4u
,Wave Race 64,wave-race-64,1996-11-04,2,11,"wave-race-64 #3629: Nintendo 64 1996-11-04, Wii U 2015-12-31 | wave-race-64--1 #286694: Wii 2007-08-06",,0,0,0,0,,cmokvbc3i00au0mxeica4bkg5
,Where the Wild Things Are,where-the-wild-things-are-1,2009-10-13,2,0,"where-the-wild-things-are--1 #200809: Nintendo DS 2009-10-13 | where-the-wild-things-are #5278: Xbox 360 2009-10-13, Wii 2009-10-13, PlayStation 3 2009-10-13",,0,0,0,0,,cmokgl4rx02m10md8g0up65z5
,Who Framed Roger Rabbit,who-framed-roger-rabbit-2,1991-12-25,2,2,who-framed-roger-rabbit--2 #75692: Game Boy 1991-12-25 | who-framed-roger-rabbit #12826: NES 1989-09-01,,0,0,0,0,,cmokr4l2700dq0mnele3lt2jr
,Winx Club,winx-club-1,2005-11-16,2,0,winx-club--1 #200907: Game Boy Advance 2005-11-16 | winx-club #6680: PlayStation 2 2005-11-15,,0,0,0,0,,cmok6xhef01030mr1i2gvadyi
,World Series Baseball,world-series-baseball-3,1994-06-01,2,1,world-series-baseball--3 #171986: Sega Genesis 1994-06-01 | world-series-baseball--2 #94110: Sega Saturn 1995-10-01,,0,0,0,0,,cmolqp2pm00yt0m1tc35w64te
,Worms Armageddon,worms-armageddon,1999-01-29,2,23,"worms-armageddon #948: PlayStation Portable 2011-10-03, PlayStation 1999-11-30, Nintendo 64 1999-12-11, PlayStation 3 2011-10-03, Dreamcast 1999-11-30 | worms-armageddon--2 #409027: PlayStation 4 2022-06-13, PlayStation 5 2022-06-13",,0,0,0,0,,cmokr0pr401iy0m6g5oy46a6b
,WRC: FIA World Rally Championship,wrc-fia-world-rally-championship-1,2005-11-18,2,5,"wrc-fia-world-rally-championship--1 #119183: PlayStation Portable 2005-11-18 | wrc-fia-world-rally-championship #7250: Xbox 360 2010-10-07, PlayStation 3 2010-10-07",,0,0,0,0,,cmokr0pr401j00m6gq9bg1ivn
,WWF Royal Rumble,wwf-royal-rumble,1993-02-01,2,7,"wwf-royal-rumble #38408: Super Nintendo 1993-02-01, Sega Genesis 1993-02-01 | wwf-royal-rumble--1 #76766: Dreamcast 2000-01-10",,0,0,0,0,,cmolj0r2200xw0m6srp0lmymf
,X-Men,x-men-1,1993-03-01,3,17,"x-men--1 #80408: Xbox 360 2010-12-15, PlayStation 3 2010-12-14 | x-men #4531: Sega Genesis 1993-03-08 | x-men--2 #81251: Game Gear 1994-12-31",,0,0,0,0,,cmoksl1xz01xm0mkptlp6k9y8
,Xena: Warrior Princess,xena-warrior-princess-2,2001-12-31,3,8,xena-warrior-princess--2 #80370: Game Boy Color 2001-12-31 | xena-warrior-princess #3648: PlayStation 1999-09-30 | xena-warrior-princess--1 #80369: PlayStation 2 2007-10-02,,0,0,0,0,,cmokrayat00et0m1awdatrrfm
,XS Moto,xs-moto,2004-07-12,2,1,xs-moto #49350: Game Boy Advance 2004-07-12 | xs-moto--1 #205811: PlayStation 2003-06-30,,0,0,0,0,,cmok6xhef010i0mr19u5noncx
,Xtreme Sports,xtreme-sports,2000-07-28,2,0,"xtreme-sports #49869: Nintendo 3DS 2014-08-07, Game Boy Color 2000-07-28 | xtreme-sports--1 #127512: Dreamcast 2000-10-27",,0,0,0,0,,cmoknljyz01k50muuuo3n2pm0
,Zapper: One Wicked Cricket!,zapper-one-wicked-cricket,2002-10-09,2,0,"zapper-one-wicked-cricket--1 #47332: Game Boy Advance 2002-11-05 | zapper-one-wicked-cricket #4583: PlayStation 2 2002-11-03, GameCube 2002-11-16, Xbox 2002-11-03",Xbox 360 2002-10-09 (no-igdb-date: zapper-one-wicked-cricket #4583),0,0,0,0,,cmok6xhef010y0mr11azsybhg
,Zeus Quest Remastered,zeus-quest-remastered,2016-06-19,2,0,"zeus-quest-remastered #32893: Nintendo 3DS 2018-07-05, PlayStation 4 2018-03-14 | zeus-quest-remastered--1 #147435: Nintendo Switch 2018-11-22",,0,0,0,0,,cmoknljyz01ke0muubpnvzku3
,Zombie Defense,zombie-defense-1,2023-05-24,2,9,zombie-defense--1 #246752: Nintendo Switch 2023-10-13 | zombie-defense #18464: Wii U 2014-11-25,,0,0,0,0,,cmokuxgd30cin0mk64ptongm6
