decision,game,family_slug,our_date,igdb_first_western,igdb_precision,days_moved,match,earliest_edition,igdb_date_is_an_edition_date,igdb_game,editions,notes,family_id
keep,12 Orbits,12-orbits,2016-10-24,2016-07-09,"Jul 09, 2016",-107,later-western,2018-04-27,no,12-orbits #90578,Nintendo Switch 2018-04-27,,cmokuvubg000m0mk65wrmo5e4
changed,3D Twist & Match,3d-twist-and-match,2011-04-08,2011-03-30,"Mar 30, 2011",-9,later-western,2011-03-30,yes,3d-twist-and-match #65551,PlayStation Portable 2011-03-30,our family date is after its earliest edition,cmokr0is600060m6gpjgcuq9d
changed,Actual Crimes: Jack the Ripper,actual-crimes-jack-the-ripper,2010-05-24,2009-09-01,"Sep 01, 2009",-265,later-western,2009-09-01,yes,actual-crimes-jack-the-ripper #20411,PlayStation Portable 2009-09-01,our family date is after its earliest edition,cmokr0is7000j0m6gshvbnpiv
keep,Aeterna Noctis,aeterna-noctis,2021-12-15,2021-12-14,"Dec 14, 2021",-1,later-western,2021-12-15,no,aeterna-noctis #144380,Nintendo Switch 2022-11-04; PlayStation 5 2021-12-15; Xbox Series X|S 2021-12-15,,cmokuhr9w000m0m1rs9g9f8ph
changed,Alien Zombie Death,alien-zombie-death,2010-03-25,2010-02-18,"Feb 18, 2010",-35,later-western,2010-02-18,yes,alien-zombie-death #15189,PlayStation Portable 2010-02-18,our family date is after its earliest edition,cmokr0is7000w0m6gm5w4dpgi
keep,Amazing Frog?,amazing-frog,2014-11-21,2013-04-05,"Apr 05, 2013",-595,later-western,2025-10-21,no,amazing-frog #36143,Xbox Series X|S 2025-10-21,,cmolqmv4v00020mv5wy6u99zh
keep,Arcade Essentials,arcade-essentials,2011-02-25,2010-12-07,"Dec 07, 2010",-80,later-western,2011-02-25,no,arcade-essentials #51094,Wii 2011-02-25,,cmoljmhxr00170m1uw9n2usku
keep,Atlantic Quest,atlantic-quest,2011-04-27,2011-02-24,"Feb 24, 2011",-62,later-western,2014-04-15,no,atlantic-quest #85504,Nintendo 3DS 2014-04-15,,cmoknle6l001o0muuiz6no1b3
keep,Atrapa la Bandera,atrapa-la-bandera,2016-01-19,2015-12-18,"Dec 18, 2015",-32,later-western,2016-01-19,no,atrapa-la-bandera #204455,PlayStation 4 2016-01-19,,cmoku79ay00eg0md78sd89zqg
changed,B-Boy,b-boy,2008-08-05,2006-09-29,"Sep 29, 2006",-676,later-western,2006-09-29,yes,b-boy #20565,PlayStation 2 2006-09-29; PlayStation Portable 2006-09-29,our family date is after its earliest edition,cmokr0is800290m6gnevx5wqp
keep,Beach Buggy Racing,beach-buggy-racing,2014-12-31,2014-09-16,"Sep 16, 2014",-106,later-western,2015-05-29,no,beach-buggy-racing #11287,Nintendo Switch 2017-09-14; PlayStation 4 2015-05-29; Xbox One 2015-05-29,,cmoku7acm00mh0md7zvzf6hli
keep,Big Adventure: Trip to Europe,big-adventure-trip-to-europe,2023-02-10,2021-06-05,"Jun 05, 2021",-615,later-western,2023-02-10,no,big-adventure-trip-to-europe #237359,Nintendo Switch 2023-02-10; PlayStation 5 2023-06-23,,cmokuhsf100aw0m1rxd4w06fl
changed,Blimp: The Flying Adventures,blimp-the-flying-adventures,2010-12-08,2010-12-07,"Dec 07, 2010",-1,later-western,2010-12-07,yes,blimp-the-flying-adventures #21165,PlayStation 3 2010-12-07; PlayStation Portable 2011-01-07,our family date is after its earliest edition,cmokr0is9002p0m6g9v13a618
keep,Bloody Roar 2,bloody-roar-2,1999-05-26,1998-12-31,Q4 1998,-146,later-western,1999-05-26,no,bloody-roar-2 #4140,PlayStation 1999-05-26,,cmokrptrs004f0m4y3e7v9cbv
changed,Bowling 3D,bowling-3d,2010-01-22,2009-12-22,"Dec 22, 2009",-31,later-western,2009-12-22,yes,bowling-3d #42776,PlayStation Portable 2009-12-22,our family date is after its earliest edition,cmokr0is900360m6gh40t5rx5
keep,BreakQuest: Extra Evolution,breakquest-extra-evolution,2012-10-17,2012-10-16,"Oct 16, 2012",-1,later-western,2012-10-17,no,breakquest-extra-evolution #20838,PlayStation Vita 2012-10-17,,cmokkq217002d0m4gvpe04yzx
changed,Buggy,buggy-1,1998-12-31,1998-07-01,Jul 1998,-183,later-western,1998-07-01,yes,buggy--1 #35080,PlayStation 1998-07-01,our family date is after its earliest edition,cmokrpv8300ap0m4y2dzedc9o
keep,Chronicles of Albian: The Magic Convention,chronicles-of-albian-the-magic-convention,2023-01-19,2010-12-02,"Dec 02, 2010",-4431,later-western,2023-01-19,no,chronicles-of-albian-the-magic-convention #232567,Nintendo Switch 2023-01-19; PlayStation 5 2023-04-10,,cmokuhulr00qh0m1rictzmlp9
keep,Conflict: Denied Ops,conflict-denied-ops,2008-02-08,2008-02-07,"Feb 07, 2008",-1,later-western,2008-02-08,no,conflict-denied-ops #5634,PlayStation 3 2008-02-08; Xbox 360 2008-02-08,,cmokskt1b00cn0mkpvl8ve3u1
keep,Cooking Festival,cooking-festival,2021-01-28,2020-06-02,"Jun 02, 2020",-240,later-western,2021-01-28,no,cooking-festival #147632,Nintendo Switch 2021-01-28,,cmokuw4ef029j0mk6jx1mm9v1
keep,Cool Ball,cool-ball,1992-12-31,1990-12-31,1990,-731,later-western,1992-12-31,no,cool-ball #92263,Game Boy 1992-12-31,,cmokr4jr7001e0mne87p8lt3e
keep,Crazy Climber,crazy-climber,1982-12-31,1980-12-31,1980,-730,later-western,1982-12-31,no,crazy-climber #4611,PlayStation 1982-12-31; Wii 1982-12-31,,cmokrpv8500cu0m4y3nnrt41y
changed,Death Stranding 2: On the Beach,death-stranding-2-on-the-beach,2025-06-26,2025-06-24,"Jun 24, 2025",-2,later-western,2025-06-24,yes,death-stranding-2-on-the-beach #228530,PlayStation 5 2025-06-24,our family date is after its earliest edition,cmrwsaqw5002a0mzjzvhj0pec
keep,Dora the Explorer: Dora's Big Birthday Adventure,dora-the-explorer-doras-big-birthday-adventure,2010-11-26,2010-11-02,"Nov 02, 2010",-24,later-western,2010-11-26,no,dora-the-explorer-doras-big-birthday-adventure #50624,Wii 2010-11-26,,cmoljmkgs00h40m1uj3o06kjx
changed,Dragon Quest VII Reimagined,dragon-quest-vii-reimagined,2026-02-05,2026-02-03,"Feb 03, 2026",-2,later-western,2026-02-03,yes,dragon-quest-vii-reimagined #366884,Nintendo Switch 2 2026-02-03; Nintendo Switch 2026-02-03; PlayStation 5 2026-02-03; Steam 2026-02-03; Xbox Series X|S 2026-02-03,our family date is after its earliest edition,cmrws9pg3001e0mzj79evu09r
keep,Ducati Challenge,ducati-challenge,2012-02-28,2011-05-24,"May 24, 2011",-280,later-western,2012-02-28,no,ducati-challenge #118892,PlayStation Portable 2012-02-28,,cmokr0kr100cq0m6gifamlq22
keep,Duck Hunting Challenge,duck-hunting-challenge,2019-02-22,2018-12-17,"Dec 17, 2018",-67,later-western,2019-02-22,no,duck-hunting-challenge #115333,Nintendo Switch 2019-02-22; PlayStation 5 2024-08-01,,cmokuhvn2012z0m1rf53jnj1f
keep,Eastville Chronicles: The Drama Queen Murder,eastville-chronicles-the-drama-queen-murder,2019-07-18,2012-06-17,"Jun 17, 2012",-2587,later-western,2019-07-18,no,eastville-chronicles-the-drama-queen-murder #122438,Nintendo Switch 2019-07-18,,cmokuw9ox03f70mk62jj22nty
keep,Fightbox,fightbox,2004-03-06,2004-02-06,"Feb 06, 2004",-29,later-western,2004-03-06,no,fightbox #43626,PlayStation 2 2004-03-06,,cmokrwc4x00xt0mcvuid2vndc
keep,Fish Tank,fish-tank,2011-10-20,2010-08-18,"Aug 18, 2010",-428,later-western,2011-10-20,no,fish-tank #79228,Wii 2011-10-20,,cmoljmkgt00jj0m1ut27hqzfh
keep,Full House Poker,full-house-poker,2011-03-16,2011-02-15,"Feb 15, 2011",-29,later-western,2011-03-16,no,full-house-poker #17472,Xbox 360 2011-03-16,,cmokskuve00na0mkpex79ytfo
keep,Galaga,galaga,2006-07-26,1981-12-01,Dec 1981,-9003,later-western,2006-07-26,no,galaga #2751,Xbox 360 2006-07-26,,cmokskuve00ne0mkpel9nlvd0
keep,Geometric Feel the Beats,geometric-feel-the-beats,2020-08-19,2020-06-22,"Jun 22, 2020",-58,later-western,2022-11-10,no,geometric-feel-the-beats #224206,Nintendo Switch 2022-11-10; PlayStation 4 2022-11-10; Xbox One 2022-11-10,,cmoku7iqg02pd0md7dxhjpb1z
keep,HammerHelm,hammerhelm,2021-04-29,2017-07-27,"Jul 27, 2017",-1372,later-western,2023-09-21,no,hammerhelm #47136,Nintendo Switch 2023-09-21; PlayStation 4 2023-09-21; PlayStation 5 2023-09-21,,cmoku7jty02zn0md7s0doangc
changed,Hannah Montana: The Movie,hannah-montana-the-movie,2009-04-07,2009-03-01,Mar 2009,-37,later-western,2009-03-01,yes,hannah-montana-the-movie #7006,Nintendo DS 2009-03-01; PlayStation 3 2009-03-01; Wii 2009-03-01; Xbox 360 2009-03-01,our family date is after its earliest edition,cmokgkz1100z90md81wxs4rrh
keep,Hatsune Miku: VR Future Live,hatsune-miku-vr-future-live,2017-01-23,2016-10-13,"Oct 13, 2016",-102,later-western,2017-01-23,no,hatsune-miku-vr-future-live #99752,PlayStation 4 2017-01-23,,cmoku7jty030g0md7ql1zcwmb
changed,Hero of Sparta,hero-of-sparta,2009-11-01,2009-10-01,"Oct 01, 2009",-31,later-western,2009-10-01,yes,hero-of-sparta #21690,PlayStation Portable 2009-10-01,our family date is after its earliest edition,cmokr0m3z00m40m6gjwbuc8zq
keep,Hole io,hole-io,2023-09-01,2018-06-21,"Jun 21, 2018",-1898,later-western,2023-09-01,no,hole-io #263553,Nintendo Switch 2023-09-01,,cmokuwhco057k0mk6vux1fcgl
keep,Hope's Farm,hopes-farm,2021-07-03,2019-12-13,"Dec 13, 2019",-568,later-western,2021-07-03,no,hopes-farm #127000,Nintendo Switch 2021-07-03,,cmokuwidc05do0mk6jt1wp9b8
keep,Hotel Mogul,hotel-mogul,2009-12-01,2009-06-25,"Jun 25, 2009",-159,later-western,2012-12-05,no,hotel-mogul #54081,PlayStation 3 2012-12-05; PlayStation Portable 2012-12-05,,cmokr0m3z00mb0m6gwr6dq98v
keep,I'll be your ideal lover! My Dream Lover,ill-be-your-ideal-lover-my-dream-lover,2023-01-05,2022-12-21,"Dec 21, 2022",-15,later-western,2023-01-05,no,ill-be-your-ideal-lover-my-dream-lover #231026,Nintendo Switch 2023-01-05,,cmokuwidc05fk0mk6gzffcol7
keep,Infinite Arrow,infinite-arrow,2020-12-17,2019-08-27,"Aug 27, 2019",-478,later-western,2020-12-17,no,infinite-arrow #187766,PlayStation 4 2020-12-17,,cmoku7ky003bg0md7p5aapve5
changed,Jelly Pops,jelly-pops,2011-10-27,2011-09-21,"Sep 21, 2011",-36,later-western,2011-09-21,yes,jelly-pops #22934,PlayStation Portable 2011-09-21,our family date is after its earliest edition,cmokr0m3z00n60m6gss3n5eck
changed,Kirby's Avalanche,kirbys-avalanche,1995-04-25,1995-02-01,"Feb 01, 1995",-83,later-western,1995-02-01,yes,kirby-s-avalanche #3727,Super Nintendo 1995-02-01,our family date is after its earliest edition,cmrxlpjos00030mjh58f34zdr
keep,Knives Out,knives-out,2017-11-14,2017-05-23,"May 23, 2017",-175,later-western,2017-11-14,no,knives-out #77776,Nintendo Switch 2017-11-14; PlayStation 4 2017-11-14,,cmoku7m1j03m60md7cp1p2pdb
changed,Mario & Luigi: Superstar Saga + Bowser's Minions,mario-and-luigi-superstar-saga-plus-bowsers-minions,2017-10-06,2017-10-05,"Oct 05, 2017",-1,later-western,2017-10-05,yes,mario-and-luigi-superstar-saga-plus-bowsers-minions #37151,Nintendo 3DS 2017-10-05,our family date is after its earliest edition,cmrxkyasq00030mteara22276
changed,Metroid Dread,metroid-dread,2021-10-08,2021-10-07,"Oct 07, 2021",-1,later-western,2021-10-07,yes,metroid-dread #15698,Nintendo Switch 2021-10-07,our family date is after its earliest edition,cmrwvr1vs000a0mte3xfjgfk1
keep,Mind Loop,mind-loop,2024-11-04,2024-10-26,"Oct 26, 2024",-9,later-western,2024-11-04,no,mind-loop #322063,PlayStation 5 2024-11-04,,cmokui1c002b30m1r9af4gr6g
keep,Mote: Workshop,mote-workshop,2026-02-06,2026-02-05,"Feb 05, 2026",-1,later-western,2026-02-06,no,mote-workshop #388624,PlayStation 2026-02-06,,cmokrpyux016a0m4y09ai4u94
changed,MTV's Beavis and Butt-Head,mtvs-beavis-and-butt-head,1994-12-31,1994-10-01,Oct 1994,-91,later-western,1994-10-01,yes,mtvs-beavis-and-butt-head #7777,Sega Genesis 1994-10-01; Super Nintendo 1994-10-01,our family date is after its earliest edition,cmolj0otl00e40m6st4pbxxao
changed,Mystic Gate,mystic-gate-1,2023-09-13,2023-02-10,"Feb 10, 2023",-215,later-western,2023-03-09,no,mystic-gate #212005,Nintendo Switch 2023-03-09; PlayStation 5 2023-09-13; Xbox Series X|S 2023-09-13,our family date is after its earliest edition,cmokui2jx02j10m1revoqj7vm
keep,Occultism Interrogation: The Ritual of Little Nightmares,occultism-interrogation-the-ritual-of-little-nightmares,2021-11-01,2021-03-11,"Mar 11, 2021",-235,later-western,2021-11-01,no,occultism-interrogation-the-ritual-of-little-nightmares #164922,Nintendo Switch 2021-11-01,,cmokuwtdw07rd0mk65v5i5uwy
changed,Pac-Man Party,pac-man-party,2010-11-16,2010-10-26,"Oct 26, 2010",-21,later-western,2010-10-26,yes,pac-man-party #5089,Wii 2010-10-26,our family date is after its earliest edition,cmoljmnti01920m1udc5f0guy
changed,Paper Mario: Color Splash,paper-mario-color-splash,2016-10-07,2016-10-06,"Oct 06, 2016",-1,later-western,2016-10-06,yes,paper-mario-color-splash #18169,Wii U 2016-10-06,our family date is after its earliest edition,cmrxjtmpu00020mhe5tbucjfs
changed,Paper Wars: Cannon Fodder!,paper-wars-cannon-fodder,2011-02-22,2010-10-06,"Oct 06, 2010",-139,later-western,2010-10-06,yes,paper-wars-cannon-fodder #78423,PlayStation 3 2011-02-22; PlayStation Portable 2010-10-06; Wii 2011-12-08,our family date is after its earliest edition,cmokr0nbk00xj0m6ghun6m5qg
changed,Power Rangers Zeo - Full Tilt Battle Pinball,power-rangers-zeo-full-tilt-battle-pinball,1996-10-30,1996-10-01,"Oct 01, 1996",-29,later-western,1996-10-01,yes,power-rangers-zeo-full-tilt-battle-pinball #43733,PlayStation 1996-10-01,our family date is after its earliest edition,cmokrq08f01h50m4yq04lp931
keep,Psycho Soldier,psycho-soldier,1988-12-31,1987-12-31,1987,-366,later-western,2011-11-22,no,psycho-soldier #41086,PlayStation 3 2011-11-22; PlayStation Portable 2011-11-22,,cmokr0ojf014q0m6g7dgbm92k
changed,Rastan,rastan,1988-12-31,1987-04-01,Apr 1987,-640,later-western,1988-06-01,no,rastan #6875,Game Gear 1988-12-31; Master System 1988-06-01,our family date is after its earliest edition,cmolqt25b003h0mb7oc21kowo
changed,Revoltin' Youth,revoltin-youth,2011-10-27,2011-08-24,"Aug 24, 2011",-64,later-western,2011-08-24,yes,revoltin-youth #42814,PlayStation Portable 2011-08-24,our family date is after its earliest edition,cmokr0ojg015x0m6gkjgbk4zq
keep,Saturday Night Speedway,saturday-night-speedway,2004-04-11,2004-03-09,"Mar 09, 2004",-33,later-western,2004-04-11,no,saturday-night-speedway #43648,PlayStation 2 2004-04-11,,cmokrwigq02eh0mcvq59s4b51
changed,SBK 08: Superbike World Championship,sbk-08-superbike-world-championship-1,2008-08-01,2008-06-20,"Jun 20, 2008",-42,later-western,2008-06-20,yes,sbk-08-superbike-world-championship--1 #7178,PlayStation 2 2008-06-20; PlayStation 3 2008-09-26; PlayStation Portable 2008-08-01; Xbox 360 2008-06-20,our family date is after its earliest edition,cmokr0ojg016q0m6g59s4d4la
keep,Self Gunsbase,self-gunsbase,2023-02-27,2022-11-17,"Nov 17, 2022",-102,later-western,2023-02-27,no,self-gunsbase #149386,Nintendo Switch 2023-02-27,,cmokux21009i50mk63h2wpare
changed,Silent Hill f,silent-hill-f,2025-09-25,2025-09-23,"Sep 23, 2025",-2,later-western,2025-09-23,yes,silent-hill-f #222343,PlayStation 5 2025-09-23; Steam 2025-09-23; Xbox Series X|S 2025-09-23,our family date is after its earliest edition,cmrxmc8yb00050m69nyne0gjg
changed,SingStar: Polskie Hity,singstar-polskie-hity,2009-12-31,2009-06-26,"Jun 26, 2009",-188,later-western,2009-06-26,yes,singstar-polskie-hity #268752,PlayStation 2 2009-06-26; PlayStation 3 2009-12-31,our family date is after its earliest edition,cmokrwjo902nm0mcvmbzak8zh
keep,Skyscraper,skyscraper,2008-11-24,2008-10-31,"Oct 31, 2008",-24,later-western,2008-11-24,no,skyscraper #9422,PlayStation 2 2008-11-24; PlayStation 3 2012-02-15; Wii 2008-11-24,,cmokrwjoa02ol0mcvqftq122r
changed,StarBlade Alpha,starblade-alpha,1996-04-27,1996-02-01,Feb 1996,-86,later-western,1996-02-01,yes,starblade-alpha #59118,PlayStation 1996-02-01,our family date is after its earliest edition,cmokrq1g401sl0m4ytqmq6kpk
changed,Starwinder: The Ultimate Space Race,starwinder-the-ultimate-space-race,1996-12-01,1996-10-31,"Oct 31, 1996",-31,later-western,1996-10-31,yes,starwinder-the-ultimate-space-race #72069,PlayStation 1996-10-31,our family date is after its earliest edition,cmokrq1g401su0m4y9yxlhluz
changed,Supercar Challenge,supercar-challenge,2009-09-04,2009-09-03,"Sep 03, 2009",-1,later-western,2009-09-03,yes,supercar-challenge #7462,PlayStation 3 2009-09-03,our family date is after its earliest edition,cmolkkujp013w0mrilzaxhiec
changed,Sven-Göran Eriksson's World Challenge,sven-goran-erikssons-world-challenge,2002-12-31,2002-05-20,"May 20, 2002",-225,later-western,2002-05-20,yes,sven-goran-erikssons-world-challenge #66508,PlayStation 2002-05-20,our family date is after its earliest edition,cmokrq2wl01z90m4yb7ww7v0l
keep,Tempus,tempus,2022-07-11,2022-03-02,"Mar 02, 2022",-131,later-western,2022-10-20,no,tempus #192223,Nintendo Switch 2022-10-20; PlayStation 5 2022-10-20; Xbox Series X|S 2022-10-20,,cmokui8mc03ty0m1rt8117xu9
keep,Tennis Masters Series 2003,tennis-masters-series-2003,2003-09-07,2002-09-25,"Sep 25, 2002",-347,later-western,2003-09-07,no,tennis-masters-series-2003 #23698,Xbox 2003-09-07,,cmollbqxb00km0m2g6x12coms
changed,The Goonies II,the-goonies-ii,1988-12-31,1987-11-01,Nov 1987,-426,later-western,1987-11-01,yes,the-goonies-ii #18916,NES 1987-11-01,our family date is after its earliest edition,cmolj92lt00v70mh1unuao49l
keep,The Hive,the-hive-2,1995-12-31,1995-11-06,"Nov 06, 1995",-55,later-western,1996-07-27,no,the-hive--2 #95385,PlayStation 1996-07-27,,cmokrq2wm020u0m4yzzr1czi3
changed,The King of Fighters EX: Neo Blood,the-king-of-fighters-ex-neo-blood,2002-11-05,2002-09-21,"Sep 21, 2002",-45,later-western,2002-09-21,yes,the-king-of-fighters-ex-neo-blood #49170,Game Boy Advance 2002-09-21,our family date is after its earliest edition,cmok6xhed00y10mr1lmmf8cv8
changed,The Legend of Zelda: The Wind Waker HD,the-legend-of-zelda-the-wind-waker-hd,2013-10-04,2013-09-20,"Sep 20, 2013",-14,later-western,2013-09-20,yes,the-legend-of-zelda-the-wind-waker-hd #2276,Wii U 2013-09-20,our family date is after its earliest edition,cmrww9a3400050mwgzaog9rf9
keep,Theme Park,theme-park,1994-12-31,1994-01-02,"Jan 02, 1994",-363,later-western,1995-10-01,no,theme-park #283,PlayStation 1995-10-01; PlayStation 3 2008-11-06; PlayStation Portable 2008-11-06; Sega Genesis 1995-12-31; Sega Saturn 1995-10-30; Super Nintendo 1996-11-11,,cmokr0pr201g60m6g2cg1o9v8
changed,TOCA 2: Touring Car Challenge,toca-2-touring-car-challenge-1,1999-11-09,1998-11-27,"Nov 27, 1998",-347,later-western,1998-11-27,yes,toca-2-touring-car-challenge--1 #8001,PlayStation 1998-11-27,our family date is after its earliest edition,cmokrq2wo022l0m4yi1i1xgta
keep,Unimime: Unicycle Madness,unimime-unicycle-madness,2023-06-22,2021-08-06,"Aug 06, 2021",-685,later-western,2023-06-22,no,unimime-unicycle-madness #251594,Nintendo Switch 2023-06-22; PlayStation 5 2023-07-14; Xbox Series X|S 2023-06-23,,cmokuic9d04il0m1r5midj56o
changed,Velocity,velocity,2012-05-15,2012-05-02,"May 02, 2012",-13,later-western,2012-05-02,yes,velocity #9184,PlayStation Portable 2012-05-02,our family date is after its earliest edition,cmokr0pr301hq0m6g9ie3mnru
changed,Whac-A-Mole,whac-a-mole,2005-10-20,2005-09-28,"Sep 28, 2005",-22,later-western,2005-09-28,yes,whac-a-mole #49347,Game Boy Advance 2005-09-28,our family date is after its earliest edition,cmok6xhef00zx0mr10o1snpa9
changed,Who's That Flying?!,whos-that-flying,2010-11-16,2009-11-17,"Nov 17, 2009",-364,later-western,2009-11-17,yes,whos-that-flying #15055,PlayStation Portable 2009-11-17,our family date is after its earliest edition,cmokr0pr301ib0m6g1sjpy2lf
changed,Worms,worms,1995-10-31,1995-06-01,"Jun 01, 1995",-152,later-western,1995-06-01,yes,worms #9331,PlayStation 1995-11-01; PlayStation Portable 2011-10-03; Sega Genesis 1995-06-01; Sega Saturn 1996-09-30; Super Nintendo 1996-09-29,our family date is after its earliest edition,cmokr0pr401ix0m6gilw7edn3
keep,WSC Real 08: World Snooker Championship,wsc-real-08-world-snooker-championship,2008-07-10,2008-07-04,"Jul 04, 2008",-6,later-western,2008-07-10,no,wsc-real-08-world-snooker-championship #5292,PlayStation 3 2008-07-10; PlayStation Portable 2008-07-10; Wii 2008-07-10; Xbox 360 2008-07-10,,cmokr0qyl01ol0m6gsglzcyg7
changed,Xenoblade Chronicles X,xenoblade-chronicles-x,2015-12-04,2015-12-03,"Dec 03, 2015",-1,later-western,2015-12-03,yes,xenoblade-chronicles-x #2366,Nintendo Switch 2025-03-20; Wii U 2015-12-03,our family date is after its earliest edition,cmrwsz83d000h0mitr6yjyx6d
changed,Yoshi's Woolly World,yoshis-woolly-world,2015-06-26,2015-06-25,"Jun 25, 2015",-1,later-western,2015-06-25,yes,yoshis-woolly-world #7343,Wii U 2015-06-25,our family date is after its earliest edition,cmolk8azn00ly0m66c0oda9oq
keep,Zoo Orbs,zoo-orbs,2026-04-01,2026-03-31,"Mar 31, 2026",-1,later-western,2026-04-01,no,zoo-orbs #396870,Nintendo Switch 2026-04-17; Xbox Series X|S 2026-04-01,,cmokuxgd40cjn0mk63jtnktr9
changed,007 First Light,007-first-light,2026-03-27,2026-05-27,"May 27, 2026",61,unmatched,2026-05-27,yes,007-first-light #141114,Nintendo Switch 2 2027-03-01; PlayStation 5 2026-05-27; Steam 2026-05-27; Xbox Series X|S 2026-05-27,,cmrwsagjq00210mzj4wancanv
changed,11 Eyes: CrossOver,11-eyes-crossover,2009-05-02,2009-04-02,"Apr 02, 2009",-30,unmatched,2009-04-02,yes,11-eyes-crossover #47396,Xbox 360 2009-04-02,our family date is after its earliest edition,cmokskqr800080mkpe6ysr5ka
changed,3 Ninjas Kick Back,3-ninjas-kick-back,1994-06-01,1994-11-19,"Nov 19, 1994",171,unmatched,1994-11-19,yes,3-ninjas-kick-back #5337,Sega Genesis 1994-12-01; Super Nintendo 1994-11-19,,cmolj0n5600000m6sdln7x3pa
changed,5 in 1 Arcade Hits,5-in-1-arcade-hits,2010-06-06,2010-06-30,"Jun 30, 2010",24,unmatched,2010-06-30,yes,5-in-1-arcade-hits #42763,PlayStation 3 2010-06-30; PlayStation Portable 2010-06-30; PlayStation Vita 2012-02-22,,cmokkq21500040m4gfdj1f3za
changed,A-Men 2,a-men-2,2013-07-21,2013-11-05,"Nov 05, 2013",107,unmatched,2013-07-21,yes,a-men-2 #8624,PlayStation Vita 2013-11-05; Xbox 360 2013-07-21,,cmokkq215000p0m4gf6yq2z09
changed,Abadox: The Deadly Inner War,abadox-the-deadly-inner-war,1988-04-06,1990-03-01,Mar 1990,694,unmatched,1990-03-01,yes,abadox-the-deadly-inner-war #7903,NES 1990-03-01,,cmolj8yv500060mh10q95c277
changed,Ace Armstrong vs. The Alien Scumbags!,ace-armstrong-vs-the-alien-scumbags,2010-10-07,2010-09-07,"Sep 07, 2010",-30,unmatched,2010-09-07,yes,ace-armstrong-vs-the-alien-scumbags #42784,PlayStation Portable 2010-09-07,our family date is after its earliest edition,cmokr0is6000e0m6g5ki4ycf0
changed,Adidas Power Soccer,adidas-power-soccer,1996-10-01,1996-06-01,Jun 1996,-122,unmatched,1996-06-01,yes,adidas-power-soccer #20302,PlayStation 1996-06-01,our family date is after its earliest edition,cmokrptrp000p0m4yyvevd3g3
changed,Aero Racer,aero-racer,2010-04-11,2010-03-11,"Mar 11, 2010",-31,unmatched,2010-03-11,yes,aero-racer #42833,PlayStation Portable 2010-03-11,our family date is after its earliest edition,cmokr0is7000n0m6gjak40vpg
changed,Alexandra Ledermann,alexandra-ledermann,2005-10-29,2005-09-29,"Sep 29, 2005",-30,unmatched,2005-09-29,yes,alexandra-ledermann #49469,Game Boy Advance 2005-09-29,our family date is after its earliest edition,cmok6xdg8000a0mr1067ogkt5
changed,Alienators: Evolution Continues,alienators-evolution-continues,2001-12-13,2001-11-13,"Nov 13, 2001",-30,unmatched,2001-11-13,yes,alienators-evolution-continues #49166,Game Boy Advance 2001-11-13,our family date is after its earliest edition,cmok6xdg9000d0mr1ls0q43tn
changed,Alone in the Dark: Illumination,alone-in-the-dark-illumination,2015-06-11,2015-06-12,"Jun 12, 2015",1,unmatched,2015-06-12,yes,alone-in-the-dark-illumination #7716,Steam 2015-06-12,,cmrxo2kyx000j0mw51z44ssy9
changed,Armored Core 3 Portable,armored-core-3-portable,2009-11-22,2009-10-22,"Oct 22, 2009",-31,unmatched,2009-10-22,yes,armored-core-3-portable #38453,PlayStation Portable 2009-10-22,our family date is after its earliest edition,cmokr0is8001m0m6grfrkikta
changed,Armored Core: Last Raven Portable,armored-core-last-raven-portable,2010-06-04,2010-05-03,"May 03, 2010",-32,unmatched,2010-05-03,yes,armored-core-last-raven-portable #38480,PlayStation Portable 2010-05-03,our family date is after its earliest edition,cmokr0is8001n0m6gpo8wx4na
changed,Ash,ash,2016-10-13,2016-04-28,"Apr 28, 2016",-168,unmatched,2016-04-28,yes,ash--3 #127264,Nintendo 3DS 2016-04-28,our family date is after its earliest edition,cmoknle6l001k0muu76sjp4vz
changed,Assault Rigs,assault-rigs,1996-03-01,1996-01-31,"Jan 31, 1996",-30,unmatched,1996-01-31,yes,assault-rigs #15476,PlayStation 1996-01-31; Sega Saturn 1996-03-01,our family date is after its earliest edition,cmokrptrq002j0m4y6mfpt2sk
changed,Astérix: The Gallic War,asterix-the-gallic-war,1998-12-31,1999-12-31,1999,365,unmatched,1999-12-31,yes,asterix-the-gallic-war #45232,PlayStation 1999-12-31,,cmokrptrr002m0m4yvb3rvol2
changed,Atelier Ryza 2: Lost Legends & the Secret Fairy,atelier-ryza-2-lost-legends-and-the-secret-fairy,2021-01-25,2021-01-26,"Jan 26, 2021",1,unmatched,2021-01-26,yes,atelier-ryza-2-lost-legends-and-the-secret-fairy #136414,Nintendo Switch 2021-01-26; PlayStation 4 2021-01-26; PlayStation 5 2021-01-26,,cmoku79ay00e80md7rz5kwfwe
changed,Athena,athena,2011-12-31,2009-09-07,"Sep 07, 2009",-845,unmatched,2009-09-07,yes,athena #9052,PlayStation Portable 2009-09-07,our family date is after its earliest edition,cmokr0is8001x0m6gs4rfg9rz
keep,Auditorium,auditorium,2008-04-01,2009-02-04,"Feb 04, 2009",309,unmatched,2008-04-01,no,auditorium #15282,PlayStation 3 2010-11-23; PlayStation Portable 2011-01-04; PlayStation Vita 2008-04-01,,cmokkq216001e0m4gvc9g1o36
changed,Bakumatsu Renka Shinsengumi,bakumatsu-renka-shinsengumi,2021-06-12,2021-06-17,"Jun 17, 2021",5,unmatched,2021-06-17,yes,bakumatsu-renka-shinsengumi #152990,Nintendo Switch 2021-06-17,,cmokuvxjz00sd0mk6p16amff1
changed,Battle B-Daman,battle-b-daman,2006-08-25,2006-07-25,"Jul 25, 2006",-31,unmatched,2006-07-25,yes,battle-b-daman #49365,Game Boy Advance 2006-07-25,our family date is after its earliest edition,cmok6xdg9001f0mr1xc67y189
changed,Bendy: Lone Wolf,bendy-lone-wolf,2020-02-09,2025-08-15,"Aug 15, 2025",2014,unmatched,2025-08-15,yes,bendy-lone-wolf #325968,Nintendo Switch 2025-08-15; PlayStation 4 2025-08-15; PlayStation 5 2025-08-15; Xbox One 2025-08-15; Xbox Series X|S 2025-08-15,,cmoku7acm00mz0md7o0n0ss3n
keep,Beyblade X Evobattle,beyblade-x-evobattle,2025-11-12,2025-11-13,"Nov 13, 2025",1,unmatched,2026-01-12,no,beyblade-x-evobattle #369115,Nintendo Switch 2 2026-01-12,,cmokv418d00060mamju7h0twz
changed,Big Bass World Championship,big-bass-world-championship,1997-12-17,1997-11-17,"Nov 17, 1997",-30,unmatched,1997-11-17,yes,big-bass-world-championship #20135,PlayStation 1997-11-17,our family date is after its earliest edition,cmokrptrr003w0m4y7q9rbj0t
changed,Blast Radius,blast-radius,1999-03-28,1998-07-07,"Jul 07, 1998",-264,unmatched,1998-07-07,yes,blast-radius #22829,PlayStation 1998-07-07,our family date is after its earliest edition,cmokrptrs00480m4yr55gtfjj
changed,Bolas e cores,bolas-e-cores,2007-12-31,2007-11-02,"Nov 02, 2007",-59,unmatched,2007-11-02,yes,bolas-e-cores #230643,Master System 2007-11-02,our family date is after its earliest edition,cmolqt25a00170mb7vckmx8kl
changed,Bubble Ghost,bubble-ghost,1987-12-31,1990-11-01,Nov 1990,1036,unmatched,1990-11-01,yes,bubble-ghost--1 #83807,Game Boy 1990-11-01,,cmokr4jr700110mnen2vuy1n4
changed,Bubble Trubble,bubble-trubble,2009-12-12,2009-11-12,"Nov 12, 2009",-30,unmatched,2009-11-12,yes,bubble-trubble #42829,PlayStation Portable 2009-11-12,our family date is after its earliest edition,cmokr0is9003k0m6gbqsm9mqg
changed,Buried Stars,buried-stars,2020-07-29,2020-07-30,"Jul 30, 2020",1,unmatched,2020-07-30,yes,buried-stars #137192,Nintendo Switch 2020-07-30; PlayStation 4 2020-07-30,,cmoku7bj900y90md79szyh921
changed,Card Racing Simulator: Otterrific Arcade,card-racing-simulator-otterrific-arcade,2022-09-15,2022-09-14,"Sep 14, 2022",-1,unmatched,2022-09-14,yes,card-racing-simulator-otterrific-arcade #217917,PlayStation 4 2022-09-14,our family date is after its earliest edition,cmoku7bja00zs0md7lufa6mes
keep,Castle of Shikigami,castle-of-shikigami,2003-03-26,2014-10-02,"Oct 02, 2014",4208,unmatched,2003-03-26,no,castle-of-shikigami #28519,PlayStation 2 2003-03-26; Xbox 2003-03-26; Xbox One 2003-03-26,,cmokrw9po00d40mcv7bxwwypz
changed,Castlevania: Dracula X,castlevania-dracula-x,1995-09-01,1995-09-05,"Sep 05, 1995",4,unmatched,1995-09-05,yes,castlevania-dracula-x #16476,Super Nintendo 1995-09-05,,cmrxmsq0b00000m6xgnllc89a
changed,Castlevania: Legacy of Darkness,castlevania-legacy-of-darkness,1999-11-30,1999-12-08,"Dec 08, 1999",8,unmatched,1999-12-08,yes,castlevania-legacy-of-darkness #1131,Nintendo 64 1999-12-08,,cmrxmswww00060m6xap8awhij
changed,Code of the Samurai,code-of-the-samurai,2007-06-25,2007-05-25,"May 25, 2007",-31,unmatched,2007-05-25,yes,code-of-the-samurai #44684,PlayStation 2 2007-05-25,our family date is after its earliest edition,cmokrw9pp00ea0mcvegcc5k6v
changed,Crazy Frog Arcade Racer,crazy-frog-arcade-racer,2007-10-04,2006-12-01,"Dec 01, 2006",-307,unmatched,2006-12-01,yes,crazy-frog-arcade-racer #43226,PlayStation 2 2006-12-01,our family date is after its earliest edition,cmokrwaxa00ks0mcvk4atmlo8
changed,Creatures,creatures-4,1996-12-31,2001-12-07,"Dec 07, 2001",1802,unmatched,2001-12-07,yes,creatures--4 #313973,Game Boy Advance 2002-02-08; PlayStation 2001-12-07,,cmok6xdga003g0mr1bavkg6ez
keep,Cyberball 2072,cyberball-2072,1989-12-31,1989-08-01,Aug 1989,-152,unmatched,2007-09-05,no,cyberball-2072 #23070,Xbox 360 2007-09-05,,cmokskt1b00d70mkp8l8ekjp9
changed,Dangun Feveron,dangun-feveron,1998-10-17,2018-04-04,"Apr 04, 2018",7109,unmatched,2018-04-04,yes,dangun-feveron #40979,PlayStation 4 2018-04-04; Xbox One 2018-04-04,,cmoku7edq01js0md7rzhek12r
changed,Delta Force: Black Hawk Down,delta-force-black-hawk-down,2003-03-23,2005-07-26,"Jul 26, 2005",856,unmatched,2005-07-26,yes,delta-force-black-hawk-down--1 #200997,PlayStation 2 2005-07-26; Xbox 2005-07-26,,cmokrwaxb00mm0mcvyfnyzheu
keep,Descent,descent,1994-12-31,1995-03-03,"Mar 03, 1995",62,unmatched,1996-03-12,no,descent #1872,PlayStation 1996-03-12,,cmokrpv8600e40m4ye2ii8ktd
keep,Destinia,destinia,2010-10-04,2011-09-15,"Sep 15, 2011",346,unmatched,2010-10-04,no,destinia #349093,PlayStation Portable 2010-10-04; Xbox 360 2010-10-04,,cmokr0kr000bk0m6g6f6urogs
keep,Doc Clock: The Toasted Sandwich of Time,doc-clock-the-toasted-sandwich-of-time,2010-10-15,2010-10-16,"Oct 16, 2010",1,unmatched,2011-01-17,no,doc-clock-the-toasted-sandwich-of-time #27900,PlayStation 3 2012-04-18; Wii 2011-01-17,,cmoljmkgs00gx0m1utjiljdnl
changed,Donkey Kong,donkey-kong-nes,1986-06-01,1986-06-15,"Jun 15, 1986",14,unmatched,1986-06-15,yes,donkey-kong--1 #141959,NES 1986-06-15,,cmrxle64e00040mt62b3zusxo
changed,Donkey Kong Land 2,donkey-kong-land-2,1996-11-23,1996-09-23,"Sep 23, 1996",-61,unmatched,1996-09-23,yes,donkey-kong-land-2 #1093,Game Boy 1996-09-23; Nintendo 3DS 2014-10-23,our family date is after its earliest edition,cmoknlfhj00cy0muu1zzixhcj
changed,DragonHeart,dragonheart,1996-12-31,1996-05-01,May 1996,-244,unmatched,1996-05-01,yes,dragonheart #80824,Game Boy 1996-05-01,our family date is after its earliest edition,cmokr4jr700210mneyzwbtzxi
changed,Dungeon Maker II: The Hidden War,dungeon-maker-ii-the-hidden-war,2009-01-09,2008-12-09,"Dec 09, 2008",-31,unmatched,2008-12-09,yes,dungeon-maker-ii-the-hidden-war #42765,PlayStation Portable 2008-12-09,our family date is after its earliest edition,cmokr0kr100ct0m6gmtlwtn2q
changed,Epidemic,epidemic,1996-12-01,1996-06-14,"Jun 14, 1996",-170,unmatched,1996-06-14,yes,epidemic #20299,PlayStation 1996-06-14,our family date is after its earliest edition,cmokrpwfr00lr0m4y7dgsmxg7
keep,Equinox,equinox-1,1993-03-01,1993-11-12,"Nov 12, 1993",256,unmatched,1994-03-01,no,equinox--1 #100180,Super Nintendo 1994-03-01,,cmolj0n5900400m6scfd1ovow
changed,Ernie Els Golf,ernie-els-golf,1994-02-01,1994-07-01,Jul 1994,150,unmatched,1994-07-01,yes,ernie-els-golf #46351,Game Gear 1994-07-01,,cmolqtfum000a0mbzhilu8xkn
changed,Exerbeat,exerbeat,2011-05-17,2011-05-08,"May 08, 2011",-9,unmatched,2011-05-08,yes,exerbeat #23580,Wii 2011-05-08,our family date is after its earliest edition,cmoljmkgs00ia0m1uhmn4digl
keep,Eyes: The Horror Game,eyes-the-horror-game,2013-04-11,2013-02-11,"Feb 11, 2013",-59,unmatched,2020-10-31,no,eyes-the-horror-game #63565,Nintendo Switch 2020-10-31; PlayStation 4 2024-08-22,,cmoku7gls02790md7oaspv1g2
changed,EyeToy: Groove,eyetoy-groove,2004-05-21,2003-11-12,"Nov 12, 2003",-191,unmatched,2003-11-12,yes,eyetoy-groove #22250,PlayStation 2 2003-11-12,our family date is after its earliest edition,cmokrwc4w00wq0mcv6gu5qx0z
changed,EyeToy: Play 2,eyetoy-play-2,2005-09-16,2004-11-05,"Nov 05, 2004",-315,unmatched,2004-11-05,yes,eyetoy-play-2 #19842,PlayStation 2 2004-11-05,our family date is after its earliest edition,cmokrwc4x00ww0mcvitp5a7wu
changed,Fame Academy: Dance Edition,fame-academy-dance-edition,2003-12-21,2003-11-21,"Nov 21, 2003",-30,unmatched,2003-11-21,yes,fame-academy-dance-edition #44721,PlayStation 2 2003-11-21,our family date is after its earliest edition,cmokrwc4x00x90mcvgfjbsdiq
changed,Fantasia,fantasia-2,1991-12-21,1991-08-01,Aug 1991,-142,unmatched,1991-08-01,yes,fantasia--2 #45587,Sega Genesis 1991-08-01,our family date is after its earliest edition,cmolqozj200990m1t1wju4srv
keep,Fighting Vipers 2,fighting-vipers-2,1998-04-01,1998-08-01,Aug 1998,122,unmatched,2001-03-02,no,fighting-vipers-2 #39447,Dreamcast 2001-03-02,,cmolqoe8z001g0m0x6j7mqa0i
changed,Forza Motorsport 2,forza-motorsport-2,2007-05-23,2007-05-29,"May 29, 2007",6,unmatched,2007-05-29,yes,forza-motorsport-2 #3072,Xbox 360 2007-05-29,,cmokskuvd00my0mkptt958gv2
keep,Frankenstein: Through the Eyes of the Monster,frankenstein-through-the-eyes-of-the-monster,1995-02-01,1995-10-03,"Oct 03, 1995",244,unmatched,1997-12-31,no,frankenstein-through-the-eyes-of-the-monster #46055,Sega Saturn 1997-12-31,,cmolqpil600130m3131i77es1
keep,Fraymakers,fraymakers,2023-01-19,2023-01-18,"Jan 18, 2023",-1,unmatched,2023-01-19,no,fraymakers #141090,Nintendo Switch 2023-01-19,,cmokuwctw04850mk6od473nq3
changed,Fred Couples Golf,fred-couples-golf,1994-02-01,1994-12-31,Q4 1994,333,unmatched,1994-12-31,yes,fred-couples-golf #46349,Game Gear 1994-12-31,,cmolqtfum000d0mbzxn0bb70p
changed,Fundación 3M España: The Recycling Heroes,fundacion-3m-espana-the-recycling-heroes,2020-07-16,2020-07-15,"Jul 15, 2020",-1,unmatched,2020-07-15,yes,fundacion-3m-espana-the-recycling-heroes #377228,PlayStation 4 2020-07-15,our family date is after its earliest edition,cmoku7iqf02nq0md748la6yre
changed,Grand Slam,grand-slam,1996-02-01,1997-12-31,1997,699,unmatched,1997-12-31,yes,grand-slam #20812,PlayStation 1997-12-31; Sega Saturn 1997-12-31,,cmokrpwft00od0m4y6n3j5h0i
changed,Grandia Xtreme,grandia-xtreme,2002-10-30,2002-09-30,"Sep 30, 2002",-30,unmatched,2002-09-30,yes,grandia-xtreme #21660,PlayStation 2 2002-09-30,our family date is after its earliest edition,cmokrwdco01770mcv0eaej88j
changed,Half-Life,half-life,1998-11-19,2001-11-11,"Nov 11, 2001",1088,unmatched,2001-11-11,yes,half-life--2 #401474,PlayStation 2 2001-11-11,,cmokrwdcp018k0mcvsa2m0yk0
changed,Hannah Montana: Rock out the Show,hannah-montana-rock-out-the-show,2009-12-31,2009-08-04,"Aug 04, 2009",-149,unmatched,2009-08-04,yes,hannah-montana-rock-out-the-show #44487,PlayStation Portable 2009-08-04,our family date is after its earliest edition,cmokr0m3z00lr0m6ghjucd5tr
changed,Harley's Humongous Adventure,harleys-humongous-adventure,1993-01-01,1993-02-01,Feb 1993,31,unmatched,1993-02-01,yes,harleys-humongous-adventure #20337,Super Nintendo 1993-02-01,,cmolj0otj00az0m6s0bnceng1
changed,Heave Ho 2,heave-ho-2,2026-09-30,2026-07-16,"Jul 16, 2026",-76,unmatched,2026-07-16,yes,heave-ho-2 #393563,Nintendo Switch 2026-07-16,our family date is after its earliest edition,cmokuwg9204wq0mk6cai7f0dg
changed,Heavy Fire: Special Operations 3D,heavy-fire-special-operations-3d,2010-07-26,2012-09-13,"Sep 13, 2012",780,unmatched,2010-07-26,yes,heavy-fire-special-operations-3d #23589,Nintendo 3DS 2012-09-13; Wii 2010-07-26,,cmoknlgpa00ma0muu6atzcdg5
changed,I Must Run,i-must-run,2011-01-14,2010-12-14,"Dec 14, 2010",-31,unmatched,2010-12-14,yes,i-must-run #42824,PlayStation Portable 2010-12-14,our family date is after its earliest edition,cmokr0m3z00mt0m6gomrf3eya
changed,In the Hunt,in-the-hunt,1995-12-01,1996-03-22,"Mar 22, 1996",112,unmatched,1996-03-22,yes,in-the-hunt #10456,PlayStation 1996-03-22; Sega Saturn 1996-06-01,,cmokrpxo600vr0m4ydo09j764
changed,IndyCar Series 2005,indycar-series-2005,2004-07-24,2004-06-22,"Jun 22, 2004",-32,unmatched,2004-06-22,yes,indycar-series-2005 #23543,Xbox 2004-06-22,our family date is after its earliest edition,cmollbosp00790m2g689l1op2
changed,Kahoots,kahoots,2009-10-01,2009-12-24,"Dec 24, 2009",84,unmatched,2009-12-24,yes,kahoots #42823,PlayStation 3 2009-12-24; PlayStation Portable 2009-12-24,,cmokr0m4000nd0m6gsklpg0yd
changed,Kirby Super Star,kirby-super-star,1996-09-20,1996-09-03,"Sep 03, 1996",-17,unmatched,1996-09-03,yes,kirby-super-star #3719,Super Nintendo 1996-09-03,our family date is after its earliest edition,cmrxlpqsp00090mjhb98y82tf
changed,Klash Ball,klash-ball,1991-08-01,1991-07-01,"Jul 01, 1991",-31,unmatched,1991-07-01,yes,klashball #67941,NES 1991-07-01,our family date is after its earliest edition,cmolj90ae00dp0mh1xj1vxc25
changed,Klaus,klaus,2010-06-18,2016-01-19,"Jan 19, 2016",2041,unmatched,2016-01-19,yes,klaus #15488,Nintendo Switch 2020-06-18; PlayStation 4 2016-01-19; PlayStation Vita 2016-01-19,,cmokkq3fn00fa0m4gpvub9rbe
changed,Knockout Kings 2003,knockout-kings-2003,2002-11-09,2002-10-09,"Oct 09, 2002",-31,unmatched,2002-10-09,yes,knockout-kings-2003 #50571,GameCube 2002-10-09,our family date is after its earliest edition,cmolkoldc00180mz8zisnmtck
keep,Latte Stand Tycoon +,latte-stand-tycoon-plus,2019-11-30,2023-07-21,"Jul 21, 2023",1329,unmatched,2023-10-20,no,latte-stand-tycoon-plus #130214,Nintendo Switch 2023-10-20,,cmokuwlss066g0mk6ysxvoirc
changed,Lester the Unlikely,lester-the-unlikely,1994-02-01,1994-01-01,Jan 1994,-31,unmatched,1994-01-01,yes,lester-the-unlikely #42504,Super Nintendo 1994-01-01,our family date is after its earliest edition,cmolj0otk00cs0m6sihsm9dv1
changed,Let's Sing,lets-sing-1,2012-11-02,2012-10-19,"Oct 19, 2012",-14,unmatched,2012-10-19,yes,lets-sing--1 #268191,Wii 2012-10-19,our family date is after its earliest edition,cmoljmmpx00yu0m1us27384x0
keep,Lethal League,lethal-league,2013-04-30,2014-08-27,"Aug 27, 2014",484,unmatched,2017-05-09,no,lethal-league #8262,PlayStation 4 2017-05-10; Xbox One 2017-05-09,,cmoku7m1j03o50md7j7a4dxga
changed,Live A Live,live-a-live,1994-09-02,2022-07-22,"Jul 22, 2022",10185,unmatched,1994-09-02,yes,live-a-live--1 #191407,Nintendo Switch 2022-07-22; PlayStation 4 2023-04-27; PlayStation 5 2023-04-27; Super Nintendo 1994-09-02,,cmrww1vio00000mhsui0pfqgy
changed,Low G Man: The Low Gravity Man,low-g-man-the-low-gravity-man,1990-10-01,1990-09-01,Sep 1990,-30,unmatched,1990-09-01,yes,low-g-man-the-low-gravity-man #48028,NES 1990-09-01,our family date is after its earliest edition,cmolj90af00ec0mh1ysb4u089
changed,Lucha Fury,lucha-fury,2011-05-03,2011-06-22,"Jun 22, 2011",50,unmatched,2011-05-03,yes,lucha-fury #51646,PlayStation 3 2011-05-03; Xbox 360 2011-06-22,,cmokskwfh00xa0mkp6feln5ke
changed,Magical Bakery,magical-bakery,2024-11-06,2024-11-07,"Nov 07, 2024",1,unmatched,2024-11-07,yes,magical-bakery #305078,Nintendo Switch 2024-11-07,,cmokuwnut06ms0mk6endcdxab
changed,Mario & Luigi: Dream Team,mario-and-luigi-dream-team,2013-08-11,2013-07-12,"Jul 12, 2013",-30,unmatched,2013-07-12,yes,mario-luigi-dream-team #3365,Nintendo 3DS 2013-07-12,our family date is after its earliest edition,cmrxky7il00000mtecjmmj8cm
changed,Mark Davis': The Fishing Master,mark-davis-the-fishing-master,1996-05-01,1996-04-01,Apr 1996,-30,unmatched,1996-04-01,yes,mark-davis-the-fishing-master #42499,Super Nintendo 1996-04-01,our family date is after its earliest edition,cmolj0otk00da0m6syeixajtt
changed,MechWarrior 3050,mechwarrior-3050,1994-02-02,1994-09-01,Sep 1994,211,unmatched,1994-09-01,yes,mechwarrior-3050 #19186,Sega Genesis 1994-09-01; Super Nintendo 1995-10-01,,cmolj0otk00dg0m6sexv3ep20
changed,Metal Slug XX,metal-slug-xx,2010-02-23,2010-03-23,"Mar 23, 2010",28,unmatched,2010-03-23,yes,metal-slug-xx #21760,PlayStation Portable 2010-03-23,,cmrxpaq04000h0mssn0eqgyi6
changed,Metroid,metroid,1987-08-15,1987-08-01,"Aug 01, 1987",-14,unmatched,1987-08-01,yes,metroid #1101,NES 1987-08-01; Wii 2007-08-13; Wii U 2013-07-11,our family date is after its earliest edition,cmrwvqpk100000mtefpwj0d3x
changed,Metroid II: Return of Samus,metroid-ii-return-of-samus,1991-08-26,1991-11-01,"Nov 01, 1991",67,unmatched,1991-11-01,yes,metroid-ii-return-of-samus #1102,Game Boy 1991-11-01; Nintendo 3DS 2011-11-24,,cmoknlhti00x50muu2lc7blj3
changed,Mickey Mania: The Timeless Adventures of Mickey Mouse,mickey-mania-the-timeless-adventures-of-mickey-mouse,1994-10-01,1994-10-28,"Oct 28, 1994",27,unmatched,1994-10-28,yes,mickey-mania-the-timeless-adventures-of-mickey-mouse #5404,Super Nintendo 1994-10-28,,cmolj0otk00dq0m6sqlio0k9q
changed,Mickey's Adventure in Numberland,mickeys-adventure-in-numberland-1,1994-12-31,1994-03-01,Mar 1994,-305,unmatched,1994-03-01,yes,mickeys-adventure-in-numberland--1 #18102,NES 1994-03-01,our family date is after its earliest edition,cmolj90af00f00mh14febpz21
keep,Mobil 1 Rally Championship,mobil-1-rally-championship,2000-01-31,1999-11-19,"Nov 19, 1999",-73,unmatched,2000-02-11,no,mobil-1-rally-championship #793,PlayStation 2000-02-11,,cmokrpyux015o0m4ywkxlgaiz
changed,Monkey Magic,monkey-magic,1997-12-27,1999-11-27,"Nov 27, 1999",700,unmatched,1999-11-27,yes,monkey-magic #45220,PlayStation 1999-11-27,,cmokrpyux015s0m4yluntkkli
changed,Monster! Bass Fishing,monster-bass-fishing,2004-10-28,2003-02-14,"Feb 14, 2003",-622,unmatched,2003-02-14,yes,monster-bass-fishing #49324,Game Boy Advance 2003-02-14,our family date is after its earliest edition,cmok6xf4600gk0mr1ideiblsj
changed,Monsters (Probably) Stole My Princess,monsters-probably-stole-my-princess,2010-05-22,2010-04-22,"Apr 22, 2010",-30,unmatched,2010-04-22,yes,monsters-probably-stole-my-princess #42743,PlayStation Portable 2010-04-22,our family date is after its earliest edition,cmokr0nbj00vn0m6g8r08r0om
changed,Moshi Monsters: Moshling Zoo,moshi-monsters-moshling-zoo,2011-12-11,2011-11-06,"Nov 06, 2011",-35,unmatched,2011-11-06,yes,moshi-monsters-moshling-zoo #47892,Nintendo DS 2011-11-06,our family date is after its earliest edition,cmokgl1cj01mb0md8cqswxyuj
changed,MotoGP 10/11,motogp-10-slash-11,2011-04-15,2011-03-15,"Mar 15, 2011",-31,unmatched,2011-03-15,yes,motogp-10-slash-11 #20439,PlayStation 3 2011-03-15; Xbox 360 2011-03-15,our family date is after its earliest edition,cmokskyat014q0mkpp872h9wz
changed,Ms. Pac-Man: Maze Madness,ms-pac-man-maze-madness,2000-09-08,2000-09-14,"Sep 14, 2000",6,unmatched,2000-09-14,yes,ms-pac-man-maze-madness #3338,Dreamcast 2000-11-30; Nintendo 64 2000-11-12; PlayStation 2000-09-14,,cmokrpyux016i0m4yh03m2lfe
changed,MTV Sports Skateboarding,mtv-sports-skateboarding,2001-01-01,2000-09-13,"Sep 13, 2000",-110,unmatched,2000-09-13,yes,mtv-sports-skateboarding #45810,Dreamcast 2000-10-20; PlayStation 2000-09-13,our family date is after its earliest edition,cmokrpyux016m0m4y7h9x9k1f
changed,Namco Tennis Smash Court,namco-tennis-smash-court,1996-12-31,1996-12-15,"Dec 15, 1996",-16,unmatched,1996-12-15,yes,namco-tennis-smash-court #74301,PlayStation 1996-12-15; PlayStation 3 1996-12-31; PlayStation Portable 1996-12-31,our family date is after its earliest edition,cmokr0nbk00w00m6gudjtoy1n
changed,NBA 2K23,nba-2k23,2022-09-08,2022-09-09,"Sep 09, 2022",1,unmatched,2022-09-09,yes,nba-2k23 #207393,Nintendo Switch 2022-09-09; PlayStation 5 2022-09-09; Xbox Series X|S 2022-09-09,,cmokui2jy02jh0m1r62ne8c03
changed,NBA Unrivaled,nba-unrivaled,2009-12-11,2009-11-11,"Nov 11, 2009",-30,unmatched,2009-11-11,yes,nba-unrivaled #47428,PlayStation 3 2010-04-01; Xbox 360 2009-11-11,our family date is after its earliest edition,cmokskyau015o0mkpnh48c83i
changed,NFL Head Coach 09,nfl-head-coach-09,2008-07-12,2008-09-02,"Sep 02, 2008",52,unmatched,2008-09-02,yes,nfl-head-coach-09 #7117,PlayStation 3 2008-09-02; Xbox 360 2008-09-02,,cmokskyau015x0mkpuy07q0j1
changed,NHL 2K9,nhl-2k9,2008-09-08,2008-09-09,"Sep 09, 2008",1,unmatched,2008-09-09,yes,nhl-2k9 #5068,PlayStation 2 2008-09-09; PlayStation 3 2008-09-09; Wii 2008-09-09; Xbox 360 2008-09-09,,cmokrwh3d021h0mcvtyxf50ww
keep,NHL Powerplay '96,nhl-powerplay-96,1996-02-01,1996-07-01,"Jul 01, 1996",151,unmatched,1996-09-30,no,nhl-powerplay-96 #45122,PlayStation 1996-09-30; Sega Saturn 1997-05-27,,cmokrq08c01f50m4y51b3w6rq
changed,Ninjamurai,ninjamurai,2011-08-15,2011-06-08,"Jun 08, 2011",-68,unmatched,2011-06-08,yes,ninjamurai #44521,PlayStation Portable 2011-06-08,our family date is after its earliest edition,cmokr0nbk00x10m6g2u6d8ikd
changed,OMG-Z,omg-z,2011-09-17,2011-08-02,"Aug 02, 2011",-46,unmatched,2011-08-02,yes,omg-z #20633,PlayStation 3 2011-08-02; PlayStation Portable 2011-08-02,our family date is after its earliest edition,cmokr0nbk00xa0m6gzbemwoku
changed,P.T.O.: Pacific Theater of Operations,p-dot-t-o-dot-pacific-theater-of-operations,1993-12-31,1993-03-31,Q1 1993,-275,unmatched,1993-03-31,yes,p-dot-t-o-dot-pacific-theater-of-operations #71695,Sega Genesis 1993-03-31; Super Nintendo 1993-03-31,our family date is after its earliest edition,cmolj0pxq00lb0m6s4gp572hq
changed,Pac-Man Vs.,pac-man-vs,2003-12-03,2003-12-02,"Dec 02, 2003",-1,unmatched,2003-12-02,yes,pac-man-vs #4062,GameCube 2003-12-02,our family date is after its earliest edition,cmolkomh3007f0mz8ys103w80
changed,Packy & Marlon,packy-and-marlon,1994-02-01,1995-12-31,1995,698,unmatched,1995-12-31,yes,packy-and-marlon #42475,Super Nintendo 1995-12-31,,cmolj0otl00ey0m6sk3surdx7
changed,Paraiso Island,paraiso-island,2020-01-28,2019-03-05,"Mar 05, 2019",-329,unmatched,2019-03-05,yes,paraiso-island #133025,PlayStation 4 2019-03-05; Xbox One 2020-06-06,our family date is after its earliest edition,cmoku7qay04uk0md71dzzo1yp
keep,Parkasaurus,parkasaurus,2020-08-12,2020-08-13,"Aug 13, 2020",1,unmatched,2022-04-28,no,parkasaurus #76422,Nintendo Switch 2022-04-28,,cmokuwuts080q0mk649mrwmzs
keep,Pepsi Max Extreme Sports,pepsi-max-extreme-sports,2000-10-27,2001-12-07,"Dec 07, 2001",406,unmatched,2000-10-27,no,pepsi-max-extreme-sports #110806,Dreamcast 2000-10-27,,cmolqoe90002r0m0xgjq6bhbi
changed,Petz Fantasy: Sunshine Magic,petz-fantasy-sunshine-magic,2013-08-23,2010-10-05,"Oct 05, 2010",-1053,unmatched,2010-10-05,yes,petz-fantasy-sunshine-magic #47962,Nintendo DS 2010-10-05,our family date is after its earliest edition,cmokgl2g701wh0md8fnsg2cmk
changed,PGA Tour 2K21,pga-tour-2k21,2020-08-20,2020-08-21,"Aug 21, 2020",1,unmatched,2020-08-21,yes,pga-tour-2k21 #133939,Nintendo Switch 2020-08-21; PlayStation 4 2020-08-21; Xbox One 2020-08-21,,cmoku7rey051f0md7vwk64kxd
changed,PGA Tour Golf III,pga-tour-golf-iii,1994-02-01,1994-11-25,"Nov 25, 1994",297,unmatched,1994-02-01,yes,pga-tour-golf-iii #45781,Sega Genesis 1994-11-25; Super Nintendo 1994-02-01,,cmolj0otl00f40m6sq2xzcdzi
changed,Phix: The Adventure,phix-the-adventure,2000-06-18,2000-05-18,"May 18, 2000",-31,unmatched,2000-05-18,yes,phix-the-adventure #46086,PlayStation 2000-05-18,our family date is after its earliest edition,cmokrq08e01gj0m4y9pksmcvr
changed,Project Overkill,project-overkill,1996-10-01,1996-09-12,"Sep 12, 1996",-19,unmatched,1996-09-12,yes,project-overkill #20804,PlayStation 1996-09-12,our family date is after its earliest edition,cmokrq08f01hj0m4yemqrmwtc
changed,Puppy Luv: Spa and Resort,puppy-luv-spa-and-resort,2007-10-18,2007-08-21,"Aug 21, 2007",-58,unmatched,2007-09-12,no,puppy-luv-spa-and-resort #49473,Game Boy Advance 2007-09-12,our family date is after its earliest edition,cmok6xgdo00oj0mr1gpdm5abi
changed,Ranger X,ranger-x,1993-06-27,1993-08-01,Aug 1993,35,unmatched,1993-08-01,yes,ranger-x #46265,Sega Genesis 1993-08-01,,cmolqp0m200jv0m1tx91zdzgd
changed,Rapala Pro Bass Fishing,rapala-pro-bass-fishing-1,2010-09-27,2007-03-16,"Mar 16, 2007",-1291,unmatched,2007-03-16,yes,rapala-pro-bass-fishing #21740,PlayStation 2 2010-09-28; PlayStation 3 2010-09-28; PlayStation Portable 2010-09-28; Wii 2010-09-28; Wii U 2012-12-04; Xbox 360 2007-03-16,our family date is after its earliest edition,cmokr0ojg01590m6gvhtycy7s
keep,Rec Room,rec-room,2016-06-01,2016-06-28,"Jun 28, 2016",27,unmatched,2016-06-01,no,rec-room #32617,Nintendo Switch 2 2016-06-01; Nintendo Switch 2024-11-06; PlayStation 4 2017-11-21; PlayStation 5 2021-12-09; Xbox One 2020-12-03; Xbox Series X|S 2016-06-01,,cmoku7tq405lu0md7uis5xtgk
changed,Resident Evil 2,resident-evil-2-3,2003-12-31,1998-01-21,"Jan 21, 1998",-2170,unmatched,1998-01-21,yes,resident-evil-2 #880,Dreamcast 2000-04-28; GameCube 2003-01-14; PlayStation 1998-01-21; PlayStation 3 2012-02-29; PlayStation Portable 2012-02-29,our family date is after its earliest edition,cmok6xgdo00oz0mr1b9c80e0f
changed,Route 66,route-66,2009-12-17,2010-01-28,"Jan 28, 2010",42,unmatched,2010-01-28,yes,route-66 #66977,PlayStation Portable 2010-01-28,,cmokr0ojg01680m6gp5gh1eyq
changed,Running Battle,running-battle,1991-12-31,1991-10-01,Oct 1991,-91,unmatched,1991-10-01,yes,running-battle #19511,Master System 1991-10-01,our family date is after its earliest edition,cmolqt25c003m0mb7ofczl15i
changed,Saban's Iznogoud,sabans-iznogoud,1998-07-10,1997-12-31,1997,-191,unmatched,1998-06-18,no,sabans-iznogoud #80780,PlayStation 1998-06-18,our family date is after its earliest edition,cmokrq1g101pr0m4yyorz44s7
changed,Santa Claus Jr. Advance,santa-claus-jr-advance,2002-12-01,2002-11-01,"Nov 01, 2002",-30,unmatched,2002-11-01,yes,santa-claus-jr-advance #49338,Game Boy Advance 2002-11-01,our family date is after its earliest edition,cmok6xgdp00pl0mr13bxarpk2
changed,Sesame Street: 1-2-3,sesame-street-1-2-3-1,1989-12-31,1989-01-01,Jan 1989,-364,unmatched,1989-01-01,yes,sesame-street-1-2-3--1 #78035,NES 1989-01-01,our family date is after its earliest edition,cmolj91i100mw0mh1vltizod8
changed,Sesame Street: Big Bird's Hide & Speak,sesame-street-big-birds-hide-and-speak,1990-12-31,1990-10-01,Oct 1990,-91,unmatched,1990-10-01,yes,sesame-street-big-birds-hide-and-speak #48249,NES 1990-10-01,our family date is after its earliest edition,cmolj91i100mx0mh1mup6npdv
changed,Shenmue II,shenmue-ii,2001-09-06,2001-11-23,"Nov 23, 2001",78,unmatched,2001-11-23,yes,shenmue-ii #1218,Dreamcast 2001-11-23; PlayStation 4 2018-08-21; Xbox 2002-10-28; Xbox One 2018-08-21,,cmoku7urm060f0md7dizvfpi1
changed,SkulJagger: Revolt of the Westicans,skuljagger-revolt-of-the-westicans,1992-11-01,1992-10-01,Oct 1992,-31,unmatched,1992-10-01,yes,skuljagger-revolt-of-the-westicans #42664,Super Nintendo 1992-10-01,our family date is after its earliest edition,cmolj0pxr00mg0m6sk1tis973
changed,Slap Fight MD,slap-fight-md,1993-05-05,1993-06-11,"Jun 11, 1993",37,unmatched,1993-06-11,yes,slap-fight-md #4521,Sega Genesis 1993-06-11,,cmolqp1p000qc0m1tqen3vgyk
changed,Smite 2,smite-2,2024-01-09,2024-08-27,"Aug 27, 2024",231,unmatched,2024-08-27,yes,smite-2 #282566,PlayStation 5 2024-08-27; Xbox Series X|S 2024-08-27,,cmokui7eg03i10m1rhoms81hk
changed,Smuggler's Run: Warzones,smuggler-s-run-warzones,2001-12-31,2001-10-29,"Oct 29, 2001",-63,unmatched,2001-10-29,yes,smuggler-s-run-warzones #4153,GameCube 2002-08-07; PlayStation 2 2001-10-29,our family date is after its earliest edition,cmokrwjoa02p50mcv1qijalsa
keep,Space Harrier II,space-harrier-ii,1989-12-31,1989-08-14,"Aug 14, 1989",-139,unmatched,2006-12-18,no,space-harrier-ii #4498,Wii 2006-12-18,,cmoljmq1f01ot0m1uo37cvkfy
changed,Spot the Differences,spot-the-differences,2010-01-17,2009-11-05,"Nov 05, 2009",-73,unmatched,2009-11-05,yes,spot-the-differences #44502,PlayStation Portable 2009-11-05; Wii 2011-01-21,our family date is after its earliest edition,cmokr0ojh018e0m6g0qte1fyu
changed,Stellar Wanderer DX,stellar-wanderer-dx-1,2016-02-17,2026-03-12,"Mar 12, 2026",3676,unmatched,2026-03-12,yes,stellar-wanderer-dx #283577,PlayStation 5 2026-03-12; Xbox Series X|S 2026-12-31,,cmokui7eh03kz0m1rmut9mskf
changed,Stick Man Rescue,stick-man-rescue,2012-02-10,2012-01-18,"Jan 18, 2012",-23,unmatched,2012-01-18,yes,stick-man-rescue #44501,PlayStation Portable 2012-01-18,our family date is after its earliest edition,cmokr0ojh018u0m6gvk1rfjdv
keep,Strike Force Heroes,strike-force-heroes,2012-07-09,2023-11-10,"Nov 10, 2023",4141,unmatched,2025-11-06,no,strike-force-heroes--1 #277203,Nintendo Switch 2025-11-06,,cmokux6c00aev0mk6gmdyzfzv
changed,Super Team Games,super-team-games,1988-12-01,1988-11-01,Nov 1988,-30,unmatched,1988-11-01,yes,super-team-games #48232,NES 1988-11-01,our family date is after its earliest edition,cmolj91i200ot0mh1z6by4p6e
changed,Swords and Serpents,swords-and-serpents,1990-09-01,1990-08-01,"Aug 01, 1990",-31,unmatched,1990-08-01,yes,swords-and-serpents #48230,NES 1990-08-01,our family date is after its earliest edition,cmolj91i200ow0mh1hjczp42u
changed,Tadeo Jones y el Manuscrito Perdido,tadeo-jones-y-el-manuscrito-perdido,2014-12-17,2014-11-28,"Nov 28, 2014",-19,unmatched,2014-11-28,yes,tadeo-jones-y-el-manuscrito-perdido #82043,PlayStation 4 2014-11-28; PlayStation Vita 2014-11-28,our family date is after its earliest edition,cmokkq5t101030m4g4ef5z86v
changed,Teenage Mutant Ninja Turtles,teenage-mutant-ninja-turtles-nes,1989-12-31,1989-06-01,"Jun 01, 1989",-213,unmatched,1989-06-01,yes,teenage-mutant-ninja-turtles--9 #322537,NES 1989-06-01,our family date is after its earliest edition,cmrxn3viu00000mcectnntr99
changed,Th3 Plan,th3-plan,2007-05-27,2006-03-17,"Mar 17, 2006",-436,unmatched,2006-03-24,no,th3-plan #44698,PlayStation 2 2006-03-24,our family date is after its earliest edition,cmokrwkw102z40mcvfnt2wjiu
changed,The 2D Adventures of Rotating Octopus Character,the-2d-adventures-of-rotating-octopus-character,2011-06-02,2011-06-14,"Jun 14, 2011",12,unmatched,2011-06-14,yes,the-2d-adventures-of-rotating-octopus-character #52925,PlayStation Portable 2011-06-14,,cmokr0pr101fg0m6g8nbpto7q
changed,The Cube,the-cube,2012-11-09,2012-11-16,"Nov 16, 2012",7,unmatched,2012-11-16,yes,the-cube #61686,Nintendo 3DS 2012-11-16; PlayStation 3 2012-11-16,,cmoknljyx01hq0muupu0jszeg
changed,The Mafat Conspiracy,the-mafat-conspiracy,1990-08-27,1990-06-01,Jun 1990,-87,unmatched,1990-06-01,yes,the-mafat-conspiracy #48057,NES 1990-06-01,our family date is after its earliest edition,cmolj92lt00ve0mh1j5xrqwu7
changed,The Ninja,the-ninja,1993-12-31,1986-12-01,Dec 1986,-2587,unmatched,1986-12-01,yes,the-ninja #12889,Master System 1986-12-01,our family date is after its earliest edition,cmolqt3co009z0mb77f2viypx
changed,The Sun Crossword Challenge,the-sun-crossword-challenge,2008-12-31,2008-04-18,"Apr 18, 2008",-257,unmatched,2008-04-18,yes,the-sun-crossword-challenge #92333,Nintendo DS 2008-04-18,our family date is after its earliest edition,cmokgl4rw02il0md831q3fb9g
changed,The Thing,the-thing-2002,2002-09-09,2002-08-20,"Aug 20, 2002",-20,unmatched,2002-09-03,no,the-thing #6199,PlayStation 2 2002-09-10; Xbox 2002-09-03,our family date is after its earliest edition,cmrxnw3co00000mfyanpk7p3z
changed,The Voice,the-voice,2014-10-21,2016-11-25,"Nov 25, 2016",766,unmatched,2016-11-25,yes,the-voice #26291,PlayStation 4 2016-11-25; Wii U 2016-11-25; Xbox One 2016-11-25,,cmoku80b707ek0md7nfdx6pjr
changed,This is Football 2002,this-is-football-2002,2002-03-17,2001-09-28,"Sep 28, 2001",-170,unmatched,2001-09-28,yes,this-is-football-2002 #44626,PlayStation 2 2001-09-28,our family date is after its earliest edition,cmokrwm92036v0mcvc8wtttx3
changed,Thunder Fox,thunder-fox,1990-02-01,1991-12-31,1991,698,unmatched,1991-12-31,yes,thunder-fox #39888,Sega Genesis 1991-12-31,,cmolqp1p100rs0m1tb9e4r1lr
keep,Time Crisis: 2nd Strike,time-crisis-2nd-strike,2001-09-02,2010-09-14,"Sep 14, 2010",3299,unmatched,2001-09-02,no,time-crisis-2nd-strike #21751,PlayStation 2 2001-09-02,,cmokrwm9203760mcva2pz8tz0
changed,Tom Clancy's Ghost Recon 2,tom-clancy-s-ghost-recon-2,2004-11-16,2004-11-25,"Nov 25, 2004",9,unmatched,2004-11-16,yes,tom-clancy-s-ghost-recon-2 #1298,GameCube 2005-03-15; PlayStation 2 2004-11-25; Xbox 2004-11-16,,cmokrwm92037l0mcvzfnqjlhh
changed,Tom Clancy's The Division,tom-clancy-s-the-division,2016-03-07,2016-03-08,"Mar 08, 2016",1,unmatched,2016-03-08,yes,tom-clancy-s-the-division #2114,PlayStation 4 2016-03-08; Xbox One 2016-03-08,,cmoku80b807gk0md7auvc00mn
keep,Total Football Management,total-football-management,1996-12-31,1996-10-31,"Oct 31, 1996",-61,unmatched,1998-12-31,no,total-football-management #94320,PlayStation 1998-12-31,,cmokrq44o028n0m4ydpoq0hjn
changed,Trap Gunner: Countdown to Oblivion,trap-gunner-countdown-to-oblivion,1998-10-30,1996-06-06,"Jun 06, 1996",-876,unmatched,1996-06-06,yes,trap-gunner-countdown-to-oblivion #44945,PlayStation 1996-06-06,our family date is after its earliest edition,cmokrq44p028r0m4yjr2en7wa
changed,Tyco R/C: Assault with a Battery,tyco-r-slash-c-assault-with-a-battery,2000-10-11,2000-09-19,"Sep 19, 2000",-22,unmatched,2000-09-19,yes,tyco-r-slash-c-assault-with-a-battery #44889,PlayStation 2000-09-19,our family date is after its earliest edition,cmokrq44p029e0m4ytbeppofq
changed,Ultimate Spider-Man,ultimate-spider-man,2005-09-21,2005-09-22,"Sep 22, 2005",1,unmatched,2005-09-22,yes,ultimate-spider-man #4225,GameCube 2005-09-22; PlayStation 2 2005-09-22,,cmokrwm9303970mcvmfcv78ft
keep,Ultratron,ultratron,2013-03-18,2005-06-15,"Jun 15, 2005",-2833,unmatched,2015-05-08,no,ultratron #14327,PlayStation 4 2015-05-12; PlayStation Vita 2015-05-12; Wii U 2015-05-14; Xbox One 2015-05-08,,cmokkq5t1011o0m4gvgzwbr0v
changed,Uniracers,uniracers,1994-12-31,1994-12-05,"Dec 05, 1994",-26,unmatched,1994-12-05,yes,uniracers #16743,Super Nintendo 1994-12-05,our family date is after its earliest edition,cmolj0r2100wt0m6sjmg6oux7
changed,Vampyr,vampyr,2018-06-04,2018-06-05,"Jun 05, 2018",1,unmatched,2018-06-05,yes,vampyr #8729,Nintendo Switch 2019-10-29; PlayStation 4 2018-06-05; Xbox One 2018-06-05,,cmoku81c907ry0md749udiv75
changed,Vempire,vempire,2009-11-22,2009-10-01,"Oct 01, 2009",-52,unmatched,2009-10-01,yes,vempire #42803,PlayStation Portable 2009-10-01,our family date is after its earliest edition,cmokr0pr301hr0m6gsqsrtux6
changed,Voice of Cards: The Isle Dragon Roars,voice-of-cards-the-isle-dragon-roars,2021-10-27,2021-10-28,"Oct 28, 2021",1,unmatched,2021-10-28,yes,voice-of-cards-the-isle-dragon-roars #171768,Nintendo Switch 2021-10-28; PlayStation 4 2021-10-28,,cmoku82fy07ye0md7p5mc6o0j
keep,Voidtrain,voidtrain,2021-08-12,2023-05-09,"May 09, 2023",635,unmatched,2021-08-12,no,voidtrain #123925,PlayStation 4 2021-08-12; PlayStation 5 2026-07-30; Xbox Series X|S 2025-11-07,,cmoku82fy07yj0md7znp76zxf
keep,Warcraft II: Tides of Darkness,warcraft-ii-tides-of-darkness,1995-12-09,1995-12-05,"Dec 05, 1995",-4,unmatched,1995-12-09,no,warcraft-ii-tides-of-darkness #130,PlayStation 1995-12-09; Sega Saturn 1995-12-09,,cmokrq44q02al0m4yn6hg6hj1
changed,WCW Nitro,wcw-nitro,1997-01-01,1998-01-15,"Jan 15, 1998",379,unmatched,1998-01-15,yes,wcw-nitro #3634,Nintendo 64 1999-02-09; PlayStation 1998-01-15,,cmokrq44r02b00m4y0bas8kzg
changed,Wimbledon,wimbledon,1992-12-31,1992-05-01,May 1992,-244,unmatched,1992-05-01,yes,wimbledon #124878,Game Gear 1992-08-01; Master System 1992-05-01,our family date is after its earliest edition,cmolqt3co00ab0mb76kj6q5ns
changed,Winnie the Pooh: Adventures in the 100 Acre Wood,winnie-the-pooh-adventures-in-the-100-acre-wood,2000-05-01,2000-03-01,Mar 2000,-61,unmatched,2000-03-01,yes,winnie-the-pooh-adventures-in-the-100-acre-wood #49982,Game Boy Color 2000-03-01,our family date is after its earliest edition,cmokrayas00en0m1a2u24j9ui
changed,World Cup Golf: Professional Edition,world-cup-golf-professional-edition,1994-12-31,1996-01-15,"Jan 15, 1996",380,unmatched,1996-01-15,yes,world-cup-golf-professional-edition #4340,PlayStation 1996-01-15; Sega Saturn 1996-01-24,,cmokrq44r02br0m4y69kpjggv
changed,World Tour Soccer 2005,world-tour-soccer-2005,2004-03-19,2004-03-26,"Mar 26, 2004",7,unmatched,2004-03-26,yes,world-tour-soccer-2005 #23546,PlayStation 2 2004-03-26,,cmokrwngq03h10mcvyot61els
changed,Yoshi Topsy-Turvy,yoshi-topsy-turvy,2004-04-22,2005-04-22,"Apr 22, 2005",365,unmatched,2005-04-22,yes,yoshi-topsy-turvy #49212,Game Boy Advance 2005-04-22,,cmok6xhef010l0mr1n2bhblbi
changed,Yu-Gi-Oh! 5D's Tag Force 5,yu-gi-oh-5ds-tag-force-5,2010-09-24,2010-10-26,"Oct 26, 2010",32,unmatched,2010-10-26,yes,yu-gi-oh-5ds-tag-force-5 #42854,PlayStation Portable 2010-10-26,,cmokr0qym01p30m6gpmplulrg
keep,Zelda's Adventure,zeldas-adventure,1994-06-05,1996-05-10,"May 10, 1996",705,unmatched,1994-06-05,no,zeldas-adventure #8534,no platform 1994-06-05,,cmpx8ry7600060mucmpabrq4i
changed,ZXE-D: Legend of Plasmalite,zxe-d-legend-of-plasmalite,1997-01-20,1996-12-20,"Dec 20, 1996",-31,unmatched,1996-12-20,yes,zxe-d-legend-of-plasmalite #45071,PlayStation 1996-12-20,our family date is after its earliest edition,cmokrq44s02cx0m4yme0ngdaj
