decision,game,family_slug,platform,our_release_date,igdb_patch_date,igdb_game,other_editions,edition_labels,user_data,notes
deleted,Arms,arms,Nintendo Switch 2,2017-06-16,"Jun 05, 2025",arms #26759,Nintendo Switch,Standard,none,
deleted,Big Brain Academy: Brain vs. Brain,big-brain-academy-brain-vs-brain,Nintendo Switch 2,2021-12-03,"Jun 05, 2025",big-brain-academy-brain-vs-brain #166489,Nintendo Switch,Standard,none,
deleted,Game Builder Garage,game-builder-garage,Nintendo Switch 2,2021-06-11,"Jun 05, 2025",game-builder-garage #146762,Nintendo Switch,Standard,none,
deleted,Pokémon Champions,pokemon-champions,Nintendo Switch 2,2026-04-08,"Apr 08, 2026",pokemon-champions #333568,,Standard,none,Only edition in this family: deleting it also removes the family
deleted,Pokémon Scarlet,pokemon-scarlet,Nintendo Switch 2,2022-11-18,"Jun 05, 2025",pokemon-scarlet #191931,Nintendo Switch,Standard,none,
deleted,Pokémon Violet,pokemon-violet,Nintendo Switch 2,2022-11-18,"Jun 05, 2025",pokemon-violet #191930,Nintendo Switch,Standard,none,
deleted,Splatoon 3,splatoon-3,Nintendo Switch 2,2022-09-09,"Jun 12, 2025",splatoon-3 #143613,Nintendo Switch,Standard,none,
deleted,Storm Lancers,storm-lancers,Nintendo Switch 2,2025-09-12,"Dec 09, 2025",storm-lancers #362635,,Standard,none,Only edition in this family: deleting it also removes the family
deleted,Super Mario Odyssey,super-mario-odyssey,Nintendo Switch 2,2017-10-27,"Jun 05, 2025",super-mario-odyssey #26758,Nintendo Switch,Standard,none,
deleted,A Hat in Time,a-hat-in-time,PlayStation 5,2017-10-05,"Mar 31, 2021",a-hat-in-time #6705,Nintendo Switch; PlayStation 4; Xbox One; Xbox Series X|S,Standard,none,
deleted,Amnesia: Rebirth,amnesia-rebirth,PlayStation 5,2020-10-20,"Apr 29, 2021",amnesia-rebirth #131785,Nintendo Switch 2; PlayStation 4; Xbox One; Xbox Series X|S,Standard,none,
deleted,Assassin's Creed Odyssey,assassins-creed-odyssey,PlayStation 5,2018-10-05,"Aug 24, 2021",assassins-creed-odyssey #103054,PlayStation 4; Xbox One; Xbox Series X|S,Standard,none,
deleted,Assassin's Creed Origins,assassins-creed-origins,PlayStation 5,2017-10-26,"Jun 02, 2022",assassins-creed-origins #28540,PlayStation 4; Xbox One; Xbox Series X|S,Standard,none,
deleted,Assassin's Creed Syndicate,assassins-creed-syndicate,PlayStation 5,2015-10-23,"Nov 18, 2024",assassins-creed-syndicate #8263,PlayStation 4; Xbox One; Xbox Series X|S,Standard,none,
deleted,Call of Duty: Modern Warfare,call-of-duty-modern-warfare,PlayStation 5,2019-10-25,"Jun 17, 2021",call-of-duty-modern-warfare #119177,PlayStation 4; Xbox One; Xbox Series X|S,Standard,none,
deleted,Days Gone,days-gone,PlayStation 5,2019-04-26,"Nov 12, 2020",days-gone #19561,PlayStation 4,Standard,none,
deleted,Dreams,dreams,PlayStation 5,2019-04-16,"Jul 08, 2021",dreams #11155,PlayStation 4,Standard,none,
deleted,Far Cry 5,far-cry-5,PlayStation 5,2018-03-26,"Mar 16, 2023",far-cry-5 #28552,PlayStation 4; Xbox One; Xbox Series X|S,Standard,none,
deleted,Far Cry New Dawn,far-cry-new-dawn,PlayStation 5,2019-02-15,"Feb 03, 2025",far-cry-new-dawn #113111,PlayStation 4; Xbox One; Xbox Series X|S,Standard,none,
deleted,Far Cry: Primal,far-cry-primal,PlayStation 5,2016-02-23,"Jan 21, 2026",far-cry-primal #13182,PlayStation 4; Xbox One; Xbox Series X|S,Standard,none,
deleted,For Honor,for-honor,PlayStation 5,2017-02-13,"Nov 12, 2020",for-honor #11162,PlayStation 4; Xbox One; Xbox Series X|S,Standard,none,
deleted,Generation Zero,generation-zero,PlayStation 5,2019-03-26,"Feb 13, 2024",generation-zero #65445,PlayStation 4; Xbox One,Standard,none,
deleted,Kingdom Come: Deliverance,kingdom-come-deliverance,PlayStation 5,2018-02-13,"Feb 13, 2026",kingdom-come-deliverance #4843,Nintendo Switch; PlayStation 4; Xbox One; Xbox Series X|S,Standard,none,
deleted,Psychonauts 2,psychonauts-2,PlayStation 5,2021-08-24,"Nov 03, 2021",psychonauts-2 #14741,PlayStation 4; Xbox Series X|S,Standard,none,
deleted,Remnant: From the Ashes,remnant-from-the-ashes,PlayStation 5,2019-08-20,"May 13, 2021",remnant-from-the-ashes #105049,Nintendo Switch; PlayStation 4; Xbox One; Xbox Series X|S,Standard,none,
deleted,Rocket League,rocket-league,PlayStation 5,2015-07-06,"Aug 24, 2021",rocket-league #11198,Nintendo Switch; PlayStation 4; Xbox One; Xbox Series X|S,Standard,none,
deleted,Shadow of the Tomb Raider,shadow-of-the-tomb-raider,PlayStation 5,2018-09-14,"Jul 23, 2021",shadow-of-the-tomb-raider #37777,PlayStation 4; Xbox One; Xbox Series X|S,Standard,none,
deleted,Sniper Elite 4,sniper-elite-4,PlayStation 5,2017-02-13,"Jul 23, 2021",sniper-elite-4 #18366,Nintendo Switch; PlayStation 4; Xbox One,Standard,none,
deleted,Star Wars: Squadrons,star-wars-squadrons,PlayStation 5,2020-10-01,"Nov 25, 2020",star-wars-squadrons #134706,PlayStation 4; Xbox Series X|S,Standard,none,
deleted,Tom Clancy's Ghost Recon: Breakpoint,tom-clancys-ghost-recon-breakpoint,PlayStation 5,2019-10-04,"Nov 16, 2020",tom-clancys-ghost-recon-breakpoint #118218,PlayStation 4; Xbox One; Xbox Series X|S,Standard,none,
deleted,War Thunder,war-thunder,PlayStation 5,2013-01-28,"Nov 12, 2020",war-thunder #2165,PlayStation 4; Xbox One; Xbox Series X|S,Standard,none,Unverified: I recall native current-gen versions; IGDB may be wrong here
deleted,A Hat in Time,a-hat-in-time,Xbox Series X|S,2017-10-05,"Mar 31, 2021",a-hat-in-time #6705,Nintendo Switch; PlayStation 4; PlayStation 5; Xbox One,Standard,none,
deleted,Access Denied: Escape,access-denied-escape,Xbox Series X|S,2023-07-27,"Nov 15, 2024",access-denied-escape #240807,Nintendo Switch; PlayStation 5,Standard,none,
deleted,Assassin's Creed Odyssey,assassins-creed-odyssey,Xbox Series X|S,2018-10-05,"Aug 24, 2021",assassins-creed-odyssey #103054,PlayStation 4; PlayStation 5; Xbox One,Standard,none,
deleted,Assassin's Creed Origins,assassins-creed-origins,Xbox Series X|S,2017-10-26,"Jun 02, 2022",assassins-creed-origins #28540,PlayStation 4; PlayStation 5; Xbox One,Standard,none,
deleted,Assassin's Creed Syndicate,assassins-creed-syndicate,Xbox Series X|S,2015-10-23,"Nov 18, 2024",assassins-creed-syndicate #8263,PlayStation 4; PlayStation 5; Xbox One,Standard,none,
deleted,Call of Duty: Modern Warfare,call-of-duty-modern-warfare,Xbox Series X|S,2019-10-25,"Nov 14, 2020",call-of-duty-modern-warfare #119177,PlayStation 4; PlayStation 5; Xbox One,Standard,none,
deleted,Color Pals,color-pals,Xbox Series X|S,2023-05-03,"May 03, 2023",color-pals #223301,Nintendo Switch; PlayStation 5,Standard,none,
deleted,Far Cry 5,far-cry-5,Xbox Series X|S,2018-03-26,"Mar 16, 2023",far-cry-5 #28552,PlayStation 4; PlayStation 5; Xbox One,Standard,none,
deleted,Far Cry New Dawn,far-cry-new-dawn,Xbox Series X|S,2019-02-15,"Feb 03, 2025",far-cry-new-dawn #113111,PlayStation 4; PlayStation 5; Xbox One,Standard,none,
deleted,Far Cry: Primal,far-cry-primal,Xbox Series X|S,2016-02-23,"Jan 21, 2026",far-cry-primal #13182,PlayStation 4; PlayStation 5; Xbox One,Standard,none,
deleted,For Honor,for-honor,Xbox Series X|S,2017-02-13,"Nov 10, 2020",for-honor #11162,PlayStation 4; PlayStation 5; Xbox One,Standard,none,
deleted,Kingdom Come: Deliverance,kingdom-come-deliverance,Xbox Series X|S,2018-02-13,"Feb 13, 2026",kingdom-come-deliverance #4843,Nintendo Switch; PlayStation 4; PlayStation 5; Xbox One,Standard,none,
deleted,Pity Pit,pity-pit,Xbox Series X|S,2020-03-18,"Jun 10, 2020",pity-pit #132769,Nintendo Switch; PlayStation 4; PlayStation 5; Xbox One,Standard,none,
deleted,Rabio,rabio,Xbox Series X|S,2022-09-30,"Sep 30, 2022",rabio #219169,,Standard,none,Only edition in this family: deleting it also removes the family
deleted,Remnant: From the Ashes,remnant-from-the-ashes,Xbox Series X|S,2019-08-20,"May 13, 2021",remnant-from-the-ashes #105049,Nintendo Switch; PlayStation 4; PlayStation 5; Xbox One,Standard,none,
deleted,Rocket League,rocket-league,Xbox Series X|S,2015-07-06,"Dec 08, 2020",rocket-league #11198,Nintendo Switch; PlayStation 4; PlayStation 5; Xbox One,Standard,none,
deleted,Shadow of the Tomb Raider,shadow-of-the-tomb-raider,Xbox Series X|S,2018-09-14,"Jul 23, 2021",shadow-of-the-tomb-raider #37777,PlayStation 4; PlayStation 5; Xbox One,Standard,none,
deleted,Sniper Elite 5,sniper-elite-5,Xbox Series X|S,2022-05-25,"May 26, 2022",sniper-elite-5 #116238,PlayStation 4; PlayStation 5,Standard,none,Unverified: I recall it launching on Xbox Series; IGDB may be wrong here
deleted,Squad Killer,squad-killer,Xbox Series X|S,2021-03-31,"Mar 31, 2021",squad-killer #145190,Nintendo Switch; PlayStation 4; PlayStation 5,Standard,none,
deleted,Star Wars: Squadrons,star-wars-squadrons,Xbox Series X|S,2020-10-01,"Nov 25, 2020",star-wars-squadrons #134706,PlayStation 4; PlayStation 5,Standard,none,
deleted,The Outer Worlds,the-outer-worlds,Xbox Series X|S,2019-10-25,"Mar 15, 2021",the-outer-worlds #113114,Nintendo Switch; PlayStation 4; Xbox One,Standard,none,
deleted,Tom Clancy's Ghost Recon: Breakpoint,tom-clancys-ghost-recon-breakpoint,Xbox Series X|S,2019-10-04,"Nov 16, 2020",tom-clancys-ghost-recon-breakpoint #118218,PlayStation 4; PlayStation 5; Xbox One,Standard,none,
deleted,War Thunder,war-thunder,Xbox Series X|S,2013-01-28,"Nov 10, 2020",war-thunder #2165,PlayStation 4; PlayStation 5; Xbox One,Standard,none,Unverified: I recall native current-gen versions; IGDB may be wrong here
