decision,game,family_slug,family_date,switch_2_release,igdb_game,edition_name,switch_2_cover,notes
added,1000xResist,1000xresist,2024-05-09,2026-08-20,1000xresist #218282,Nintendo Switch 2 Edition,,https://www.nintendo.com/us/store/products/1000xresist-nintendo-switch-2-edition-switch-2/
added,Akiba Lost,akiba-lost,2026-09-17,2026-09-16,akiba-lost #369701,Standard,,"Nintendo US 2026-09-16, IGDB 2026-09-17; https://www.nintendo.com/us/store/products/akiba-lost-switch-2/"
added,Amanda the Adventurer 3,amanda-the-adventurer-3,2025-11-06,2026-05-28,amanda-the-adventurer-3 #341815,Standard,,https://www.nintendo.com/us/store/products/amanda-the-adventurer-3-switch-2/
added,And Roger,and-roger,2025-07-24,2026-06-17,and-roger #324784,Standard,,https://www.nintendo.com/us/store/products/and-roger-switch-2/
added,Another Crab's Treasure,another-crabs-treasure,2024-04-25,2026-08-20,another-crabs-treasure #200903,Nintendo Switch 2 Edition,,https://www.nintendo.com/us/store/products/another-crabs-treasure-nintendo-switch-2-edition-switch-2/
added,Another Eden Begins,another-eden-begins,2026-09-17,2026-09-16,another-eden-begins #388448,Nintendo Switch 2 Edition,,"Nintendo US 2026-09-16, IGDB 2026-09-17; https://www.nintendo.com/us/store/products/another-eden-begins-nintendo-switch-2-edition-switch-2/"
added,Asdivine Knot,asdivine-knot,2026-06-01,2026-09-03,asdivine-knot #414796,Nintendo Switch 2 Edition,,https://www.nintendo.com/us/store/products/asdivine-knot-nintendo-switch-2-edition-switch-2/
added,Blood Dungeon,blood-dungeon,2026-08-25,2026-08-25,blood-dungeon #404724,Nintendo Switch 2 Edition,,https://www.nintendo.com/us/store/products/blood-dungeon-nintendo-switch-2-edition-switch-2/
skip,Blue Reflection Ray,blue-reflection-ray,2026-07-30,2026-07-30,blue-reflection-ray #396234,,,no Switch 2 product in Nintendo's US eShop yet
added,Bluey's Happy Snaps,blueys-happy-snaps,2026-10-15,2026-10-15,blueys-happy-snaps #396024,Standard,,https://www.nintendo.com/us/store/products/blueys-happy-snaps-switch-2/
added,Bokura,bokura,2023-02-14,2026-07-29,bokura #195883,Standard,,https://www.nintendo.com/us/store/products/bokura-switch-2/
added,Bubsy 4D,bubsy-4d,2026-05-22,2026-05-22,bubsy-4d #361820,Standard,,https://www.nintendo.com/us/store/products/bubsy-4d-switch-2/
skip,Calame,calame,2026-12-31,2026-12-31,calame #399999,,,no Switch 2 product in Nintendo's US eShop yet
added,Call of the Elder Gods,call-of-the-elder-gods,2026-05-12,2026-05-12,call-of-the-elder-gods #347882,Standard,,https://www.nintendo.com/us/store/products/call-of-the-elder-gods-switch-2/
added,Citizen Sleeper,citizen-sleeper,2022-05-05,2026-06-25,citizen-sleeper #152271,Nintendo Switch 2 Edition,,https://www.nintendo.com/us/store/products/citizen-sleeper-nintendo-switch-2-edition-switch-2/
added,Citizen Sleeper 2: Starward Vector,citizen-sleeper-2-starward-vector,2025-01-31,2026-06-25,citizen-sleeper-2-starward-vector #252853,Nintendo Switch 2 Edition,,https://www.nintendo.com/us/store/products/citizen-sleeper-2-starward-vector-nintendo-switch-2-edition-switch-2/
added,Cloverpit,cloverpit,2025-09-26,2026-08-13,cloverpit #338902,Standard,,https://www.nintendo.com/us/store/products/cloverpit-switch-2/
added,Coffee Talk: Tokyo,coffee-talk-tokyo,2026-05-21,2026-05-21,coffee-talk-tokyo #314928,Standard,,https://www.nintendo.com/us/store/products/coffee-talk-tokyo-switch-2/
skip,Colorbound,colorbound,2026-10-12,2026-10-12,colorbound #347850,,,no Switch 2 product in Nintendo's US eShop yet
added,Cozy Grove: Camp Spirit,cozy-grove-camp-spirit,2024-06-25,2026-07-15,cozy-grove-camp-spirit #305032,Nintendo Switch 2 Edition,,https://www.nintendo.com/us/store/products/cozy-grove-camp-spirit-nintendo-switch-2-edition-switch-2/
added,Culdcept Begins,culdcept-begins,2026-07-16,2026-07-16,culdcept-begins #388451,Nintendo Switch 2 Edition,,https://www.nintendo.com/us/store/products/culdcept-begins-nintendo-switch-2-edition-switch-2/
added,D-topia,d-topia,2026-07-14,2026-07-14,d-topia #369840,Standard,,https://www.nintendo.com/us/store/products/d-topia-switch-2/
added,Deck of Haunts,deck-of-haunts,2025-05-07,2026-10-08,deck-of-haunts #320726,Standard,,https://www.nintendo.com/us/store/products/deck-of-haunts-switch-2/
skip,Deep Rock Galactic: Survivor,deep-rock-galactic-survivor,2024-02-14,2026-10-07,deep-rock-galactic-survivor #240556,,,no Switch 2 product in Nintendo's US eShop yet
skip,Demi and the Fractured Dream,demi-and-the-fractured-dream,2027-02-01,2027-02-01,demi-and-the-fractured-dream #369843,,,no Switch 2 product in Nintendo's US eShop yet
skip,Demon Slayer: Kimetsu no Yaiba - The Hinokami Chronicles 2,demon-slayer-kimetsu-no-yaiba-the-hinokami-chronicles-2,2025-07-31,2026-10-29,demon-slayer-kimetsu-no-yaiba-the-hinokami-chronicles-2 #337907,,,no Switch 2 product in Nintendo's US eShop yet
skip,Depth Loop,depth-loop,2026-12-31,2026-12-31,depth-loop #317854,,,no Switch 2 product in Nintendo's US eShop yet
added,Dicevaders,dicevaders,2026-09-29,2026-09-29,dicevaders #386448,Standard,,https://www.nintendo.com/us/store/products/dicevaders-switch-2/
added,Disgaea Mayhem,disgaea-mayhem-1,2026-07-23,2026-07-23,disgaea-mayhem--1 #335576,Standard,,https://www.nintendo.com/us/store/products/disgaea-mayhem-switch-2/
added,Dogpile,dogpile-1,2025-12-10,2026-08-20,dogpile--1 #373491,Standard,,https://www.nintendo.com/us/store/products/dogpile-switch-2/
added,Dosa Divas,dosa-divas,2026-04-14,2026-04-14,dosa-divas #305023,Standard,,https://www.nintendo.com/us/store/products/dosa-divas-switch-2/
added,Dragon Quest Monsters: The Withered World,dragon-quest-monsters-the-withered-world,2026-12-03,2026-12-03,dragon-quest-monsters-the-withered-world #403174,Standard,,https://www.nintendo.com/us/store/products/dragon-quest-monsters-the-withered-world-switch-2/
skip,Dumb Ways to Party,dumb-ways-to-party,2026-12-31,2026-12-31,dumb-ways-to-party #375096,,,no Switch 2 product in Nintendo's US eShop yet
skip,DuneCrawl,dunecrawl,2026-01-05,2026-12-31,dunecrawl #318505,,,no Switch 2 product in Nintendo's US eShop yet
added,EA Sports FC 27,ea-sports-fc-27,2026-09-18,2026-09-25,ea-sports-fc-27 #408819,Standard,,https://www.nintendo.com/us/store/products/ea-sports-fc-27-switch-2/
skip,Five More Minutes,five-more-minutes,2027-03-31,2027-03-31,five-more-minutes #375218,,,no Switch 2 product in Nintendo's US eShop yet
skip,Foxy Dumplings,foxy-dumplings,2026-12-31,2026-12-31,foxy-dumplings #386440,,,no Switch 2 product in Nintendo's US eShop yet
added,Game Dev Story,game-dev-story,2010-10-09,2026-06-25,game-dev-story #19815,Nintendo Switch 2 Edition,,https://www.nintendo.com/us/store/products/game-dev-story-nintendo-switch-2-edition-switch-2/
added,Go-Go Town!,go-go-town,2024-06-18,2026-07-16,go-go-town #244178,Nintendo Switch 2 Edition,,https://www.nintendo.com/us/store/products/go-go-town-nintendo-switch-2-edition-switch-2/
skip,Graveyard Keeper II,graveyard-keeper-ii,2026-09-22,2026-09-22,graveyard-keeper-ii #397817,,,no Switch 2 product in Nintendo's US eShop yet
added,Grim Trials,grim-trials,2026-08-20,2026-08-20,grim-trials #347439,Standard,,https://www.nintendo.com/us/store/products/grim-trials-switch-2/
added,Harvest Moon: Echoes of Teradea,harvest-moon-echoes-of-teradea,2026-10-15,2026-10-15,harvest-moon-echoes-of-teradea #400976,Nintendo Switch 2 Edition,,https://www.nintendo.com/us/store/products/harvest-moon-echoes-of-teradea-nintendo-switch-2-edition-switch-2/
added,Hasbro Games Junior Collection,hasbro-games-junior-collection,2026-11-06,2026-11-06,hasbro-games-junior-collection #412107,Standard,,https://www.nintendo.com/us/store/products/hasbro-games-junior-collection-switch-2/
added,Heave Ho 2,heave-ho-2,2026-07-16,2026-07-16,heave-ho-2 #393563,Standard,,https://www.nintendo.com/us/store/products/heave-ho-2-switch-2/
added,Hello Kitty: Party Land,hello-kitty-party-land,2026-10-29,2026-10-29,hello-kitty-party-land #405453,Standard,,https://www.nintendo.com/us/store/products/hello-kitty-party-land-switch-2/
skip,Infinite Alliance,infinite-alliance,2026-12-31,2026-12-31,infinite-alliance #345923,,,no Switch 2 product in Nintendo's US eShop yet
added,Inkonbini: One Store. Many Stories,inkonbini-one-store-many-stories,2026-04-30,2026-04-30,inkonbini-one-store-many-stories #294592,Standard,,https://www.nintendo.com/us/store/products/inkonbini-one-store-many-stories-switch-2/
skip,It Takes Two,it-takes-two,2021-03-25,2026-10-15,it-takes-two #135243,,,no Switch 2 product in Nintendo's US eShop yet
added,Jenny LeClue: Detectivu,jenny-leclue-detectivu,2019-09-19,2026-09-07,jenny-leclue-detectivu #21344,Standard,,https://www.nintendo.com/us/store/products/jenny-leclue-detectivu-switch-2/
skip,Kingdom Hearts 0.2: Birth by Sleep - A Fragmentary Passage,kingdom-hearts-0-dot-2-birth-by-sleep-a-fragmentary-passage,2017-01-24,2026-10-08,kingdom-hearts-0-dot-2-birth-by-sleep-a-fragmentary-passage #26676,,,no Switch 2 product in Nintendo's US eShop yet
added,Kingdom's Return: Time-Eating Fruit and the Ancient Monster,kingdoms-return-time-eating-fruit-and-the-ancient-monster,2026-04-23,2026-04-23,kingdoms-return-time-eating-fruit-and-the-ancient-monster #381111,Nintendo Switch 2 Edition,,https://www.nintendo.com/us/store/products/kingdoms-return-time-eating-fruit-and-the-ancient-monster-nintendo-switch-2-edition-switch-2/
added,LEGO Party!,lego-party,2025-09-30,2026-07-30,lego-party #347661,Nintendo Switch 2 Edition,,https://www.nintendo.com/us/store/products/lego-party-nintendo-switch-2-edition-switch-2/
skip,Let's Sing Presents: Abba,lets-sing-presents-abba,2026-11-03,2026-11-03,lets-sing-presents-abba #412641,,,no Switch 2 product in Nintendo's US eShop yet
added,Let’s Sing 2027,lets-sing-2027,2026-11-03,2026-11-03,lets-sing-2027 #412639,Standard,,https://www.nintendo.com/us/store/products/lets-sing-2027-switch-2/
added,Lou's Lagoon,lous-lagoon,2026-08-27,2026-08-27,lous-lagoon #214706,Nintendo Switch 2 Edition,,https://www.nintendo.com/us/store/products/lous-lagoon-nintendo-switch-2-edition-switch-2/
added,Maestro,maestro-1,2024-10-17,2026-09-17,maestro--1 #306924,Standard,,https://www.nintendo.com/us/store/products/maestro-switch-2/
added,Marupoyo: The Round Chick's Adventure,marupoyo-the-round-chicks-adventure,2026-11-26,2026-11-26,marupoyo-the-round-chicks-adventure #412114,Standard,,https://www.nintendo.com/us/store/products/marupoyo-the-round-chicks-adventure-switch-2/
skip,Mechborn,mechborn,2026-12-31,2026-12-31,mechborn #384809,,,no Switch 2 product in Nintendo's US eShop yet
skip,Mega Man: Dual Override,mega-man-dual-override,2027-06-30,2027-06-30,mega-man-dual-override #381249,,,no Switch 2 product in Nintendo's US eShop yet
added,Memory of Memorie: A Chill Story,memory-of-memorie-a-chill-story,2026-07-23,2026-07-23,memory-of-memorie-a-chill-story #409654,Nintendo Switch 2 Edition,,https://www.nintendo.com/us/store/products/memory-of-memorie-a-chill-story-nintendo-switch-2-edition-switch-2/
added,Mina the Hollower,mina-the-hollower,2026-05-29,2026-05-29,mina-the-hollower #189781,Nintendo Switch 2 Edition,,https://www.nintendo.com/us/store/products/mina-the-hollower-nintendo-switch-2-edition-switch-2/
added,Minecraft Dungeons II,minecraft-dungeons-ii,2026-09-29,2026-09-29,minecraft-dungeons-ii #395525,Standard,,https://www.nintendo.com/us/store/products/minecraft-dungeons-ii-switch-2/
added,Model Debut 4,model-debut-4,2025-12-10,2026-08-26,model-debut-4 #378505,Standard,,https://www.nintendo.com/us/store/products/model-debut4-switch-2/
added,Momento,momento,2026-06-06,2026-06-30,momento #279123,Standard,,https://www.nintendo.com/us/store/products/momento-switch-2/
added,Monopoly: Star Wars Heroes vs. Villains,monopoly-star-wars-heroes-vs-villains,2026-06-30,2026-06-30,monopoly-star-wars-heroes-vs-villains #395183,Standard,,https://www.nintendo.com/us/store/products/monopoly-star-wars-heroes-vs-villains-switch-2/
added,Moomin Midsummer Madness,moomin-midsummer-madness,2026-12-31,2026-11-12,moomin-midsummer-madness #404859,Standard,,"Nintendo US 2026-11-12, IGDB 2026-12-31; https://www.nintendo.com/us/store/products/moomin-midsummer-madness-switch-2/"
added,Moonlight Peaks,moonlight-peaks,2026-07-07,2026-07-07,moonlight-peaks #237123,Nintendo Switch 2 Edition,,https://www.nintendo.com/us/store/products/moonlight-peaks-nintendo-switch-2-edition-switch-2/
added,MotoGP 26,motogp-26,2026-04-29,2026-04-29,motogp-26 #394406,Standard,,https://www.nintendo.com/us/store/products/motogp-26-switch-2/
added,Namco Legendary Mountains,namco-legendary-mountains,2026-06-25,2026-06-25,namco-legendary-mountains #405904,Standard,,https://www.nintendo.com/us/store/products/namco-legendary-mountains-switch-2/
added,Nobunaga's Ambition: Awakening,nobunagas-ambition-awakening,2023-07-20,2025-06-05,nobunagas-ambition-awakening #245997,Complete Edition,https://images.igdb.com/igdb/image/upload/t_cover_big/cocr9y.jpg,"sold on Switch 2 as ""NOBUNAGA'S AMBITION: Awakening Complete Edition"""
added,Obakeidoro 2: Chase & Seek,obakeidoro-2-chase-and-seek,2026-08-06,2026-08-06,obakeidoro-2-chase-and-seek #338107,Standard,,https://www.nintendo.com/us/store/products/obakeidoro-2-chase-and-seek-switch-2/
added,Octopath Traveler,octopath-traveler,2018-07-13,2026-10-01,octopath-traveler #26765,Standard,,https://www.nintendo.com/us/store/products/octopath-traveler-switch-2/
added,Octopath Traveler II,octopath-traveler-ii,2023-02-24,2026-10-01,octopath-traveler-ii #217554,Standard,,https://www.nintendo.com/us/store/products/octopath-traveler-ii-switch-2/
added,Once Upon a Katamari,once-upon-a-katamari-1,2025-10-24,2026-10-08,once-upon-a-katamari--1 #358526,Standard,,https://www.nintendo.com/us/store/products/once-upon-a-katamari-switch-2/
added,One Move Away,one-move-away,2026-05-28,2026-05-28,one-move-away #325581,Standard,,https://www.nintendo.com/us/store/products/one-move-away-switch-2/
added,One Piece: Grand Gourmet,one-piece-grand-gourmet,2026-10-23,2026-10-23,one-piece-grand-gourmet #405435,Standard,,https://www.nintendo.com/us/store/products/one-piece-grand-gourmet-switch-2/
skip,Ova Magica,ova-magica,2024-07-23,2026-09-08,ova-magica #138211,,,no Switch 2 product in Nintendo's US eShop yet
skip,Palia,palia,2023-12-14,2026-12-01,palia #151467,,,no Switch 2 product in Nintendo's US eShop yet
skip,Pardon My French Toast,pardon-my-french-toast,2025-12-18,2026-10-29,pardon-my-french-toast #206041,,,no Switch 2 product in Nintendo's US eShop yet
added,Paw Patrol: Dino World,paw-patrol-dino-world,2026-07-31,2026-10-02,paw-patrol-dino-world #398427,Standard,,https://www.nintendo.com/us/store/products/paw-patrol-dino-world-switch-2/
added,Pipistrello and the Cursed Yoyo,pipistrello-and-the-cursed-yoyo,2025-05-28,2026-08-20,pipistrello-and-the-cursed-yoyo #292157,Nintendo Switch 2 Edition,,https://www.nintendo.com/us/store/products/pipistrello-and-the-cursed-yoyo-nintendo-switch-2-edition-switch-2/
added,Pit Panic,pit-panic,2026-07-21,2026-07-21,pit-panic #401839,Standard,,https://www.nintendo.com/us/store/products/pit-panic-switch-2/
skip,Prinny Party: Going Overboard!,prinny-party-going-overboard,2026-11-11,2026-11-11,prinny-party-going-overboard #394548,,,no Switch 2 product in Nintendo's US eShop yet
skip,Professor Layton and the New World of Steam,professor-layton-and-the-new-world-of-steam,2026-12-10,2026-12-10,professor-layton-and-the-new-world-of-steam #236665,,,no Switch 2 product in Nintendo's US eShop yet
added,Psyvariar 3,psyvariar-3,2026-05-21,2026-05-21,psyvariar-3 #379262,Nintendo Switch 2 Edition,,https://www.nintendo.com/us/store/products/psyvariar-3-nintendo-switch-2-edition-switch-2/
added,R-Type Dimensions III,r-type-dimensions-iii,2026-05-19,2026-05-19,r-type-dimensions-iii #381109,Standard,,https://www.nintendo.com/us/store/products/r-type-dimensions-iii-switch-2/
skip,R-Type Tactics I & II Cosmos,r-type-tactics-i-and-ii-cosmos,2026-06-18,2026-06-18,r-type-tactics-i-and-ii-cosmos #225776,,,no Switch 2 product in Nintendo's US eShop yet
skip,Ravenswatch,ravenswatch,2023-04-06,2026-12-31,ravenswatch #208417,,,no Switch 2 product in Nintendo's US eShop yet
skip,Rogue Reigns,rogue-reigns,2026-10-28,2026-10-28,rogue-reigns #361052,,,no Switch 2 product in Nintendo's US eShop yet
added,RollerCoaster Tycoon Classic,rollercoaster-tycoon-classic,2016-12-20,2026-05-28,rollercoaster-tycoon-classic #26589,Nintendo Switch 2 Edition,,https://www.nintendo.com/us/store/products/rollercoaster-tycoon-classic-nintendo-switch-2-edition-switch-2/
added,Sea of Stars,sea-of-stars,2023-08-28,2026-06-08,sea-of-stars #131890,Standard,,https://www.nintendo.com/us/store/products/sea-of-stars-switch-2/
added,Shinobi: Art of Vengeance,shinobi-art-of-vengeance,2025-08-26,2026-09-24,shinobi-art-of-vengeance #279630,Standard,,https://www.nintendo.com/us/store/products/shinobi-art-of-vengeance-switch-2/
added,Skyship Quest Story,skyship-quest-story,2026-02-12,2026-04-30,skyship-quest-story #400170,Nintendo Switch 2 Edition,,https://www.nintendo.com/us/store/products/skyship-quest-story-nintendo-switch-2-edition-switch-2/
added,SnowRunner,snowrunner,2020-04-28,2026-06-09,snowrunner #107215,Standard,,https://www.nintendo.com/us/store/products/snowrunner-switch-2/
added,Sonic Frontiers,sonic-frontiers,2022-11-07,2026-06-23,sonic-frontiers #150010,Definitive Edition,https://images.igdb.com/igdb/image/upload/t_cover_big/cocd4w.jpg,"sold on Switch 2 as ""Sonic Frontiers - Definitive Edition"""
skip,Sonic Pico Park,sonic-pico-park,2026-11-12,2026-11-12,sonic-pico-park #404714,,,no Switch 2 product in Nintendo's US eShop yet
added,Space Warlord Baby Trading Simulator,space-warlord-baby-trading-simulator,2026-01-29,2026-07-09,space-warlord-baby-trading-simulator #380432,Standard,,https://www.nintendo.com/us/store/products/space-warlord-baby-trading-simulator-switch-2/
added,Spirit Valor,spirit-valor,2024-09-03,2026-09-17,spirit-valor #319702,Nintendo Switch 2 Edition,,https://www.nintendo.com/us/store/products/spirit-valor-nintendo-switch-2-edition-switch-2/
skip,Stage Fright,stage-fright-1,2027-12-31,2027-12-31,stage-fright--1 #325604,,,no Switch 2 product in Nintendo's US eShop yet
added,Starbites,starbites,2026-05-21,2026-07-14,starbites #235475,Nintendo Switch 2 Edition,,https://www.nintendo.com/us/store/products/starbites-nintendo-switch-2-edition-switch-2/
added,Starseeker: Astroneer Expeditions,starseeker-astroneer-expeditions,2026-06-11,2026-06-11,starseeker-astroneer-expeditions #338089,Standard,,https://www.nintendo.com/us/store/products/starseeker-astroneer-expeditions-switch-2/
skip,Step Theater,step-theater,2026-12-03,2026-12-03,step-theater #395007,,,no Switch 2 product in Nintendo's US eShop yet
added,Stray,stray,2022-07-19,2026-05-28,stray #110248,Standard,,https://www.nintendo.com/us/store/products/stray-switch-2/
skip,Super Adventure Hand,super-adventure-hand,2023-09-21,2026-05-08,super-adventure-hand #216520,,,no Switch 2 product in Nintendo's US eShop yet
added,Teenage Mutant Ninja Turtles: Splintered Fate,teenage-mutant-ninja-turtles-splintered-fate,2023-05-04,2025-12-16,teenage-mutant-ninja-turtles-splintered-fate #248582,Nintendo Switch 2 Edition,,https://www.nintendo.com/us/store/products/teenage-mutant-ninja-turtles-splintered-fate-nintendo-switch-2-edition-switch-2/
added,Teeto,teeto,2026-07-15,2026-07-15,teeto #285987,Standard,,https://www.nintendo.com/us/store/products/teeto-switch-2/
skip,Tenebris Somnia,tenebris-somnia,2026-10-16,2026-10-16,tenebris-somnia #216692,,,no Switch 2 product in Nintendo's US eShop yet
skip,The Apothecary Diaries: The False Imperial Brother,the-apothecary-diaries-the-false-imperial-brother,2027-12-31,2027-12-31,the-apothecary-diaries-the-false-imperial-brother #417180,,,no Switch 2 product in Nintendo's US eShop yet
skip,The Grimm Reapress and the Drearytale Monster,the-grimm-reapress-and-the-drearytale-monster,2027-12-31,2027-12-31,the-grimm-reapress-and-the-drearytale-monster #335578,,,no Switch 2 product in Nintendo's US eShop yet
added,The Mermaid Mask,the-mermaid-mask-1,2026-07-16,2026-07-16,the-mermaid-mask--1 #279369,Standard,,https://www.nintendo.com/us/store/products/the-mermaid-mask-switch-2/
skip,The Road of Dust and Sorrow,the-road-of-dust-and-sorrow,2026-12-31,2026-12-31,the-road-of-dust-and-sorrow #361053,,,no Switch 2 product in Nintendo's US eShop yet
added,The Walking Dead: Streets of Survival,the-walking-dead-streets-of-survival-1,2026-09-18,2026-09-18,the-walking-dead-streets-of-survival--1 #409384,Standard,,https://www.nintendo.com/us/store/products/the-walking-dead-streets-of-survival-switch-2/
added,The Witch's Bakery,the-witchs-bakery,2026-10-14,2026-10-14,the-witchs-bakery #278824,Standard,,"Nintendo US 2026-10-14, IGDB 2026-10-16; https://www.nintendo.com/us/store/products/the-witchs-bakery-switch-2/"
added,The Witcher 3: Wild Hunt,the-witcher-3-wild-hunt,2015-05-19,2026-09-29,the-witcher-3-wild-hunt #1942,Remastered,,"sold on Switch 2 as ""The Witcher 3: Wild Hunt — Remastered"""
skip,The Wolf Among Us 2,the-wolf-among-us-2,2027-12-31,2027-12-31,the-wolf-among-us-2 #51523,,,no Switch 2 product in Nintendo's US eShop yet
skip,Tianji: Shadow of the Ancients,tianji-shadow-of-the-ancients,2027-12-31,2027-12-31,tianji-shadow-of-the-ancients #416886,,,no Switch 2 product in Nintendo's US eShop yet
added,Toem 2,toem-2,2026-09-29,2026-09-29,toem-2 #325182,Standard,,https://www.nintendo.com/us/store/products/toem-2-switch-2/
added,Trine 6: Together in Time,trine-6-together-in-time,2027-03-04,2027-03-04,trine-6-together-in-time #404741,Standard,,https://www.nintendo.com/us/store/products/trine-6-together-in-time-switch-2/
added,Two Point Hospital,two-point-hospital,2018-08-29,2026-09-16,two-point-hospital #82117,Full Health Collection,,"sold on Switch 2 as ""Two Point Hospital: Full Health Collection"""
added,Vampire Crawlers: The Turbo Wildcard from Vampire Survivors,vampire-crawlers-the-turbo-wildcard-from-vampire-survivors,2026-04-21,2026-04-21,vampire-crawlers-the-turbo-wildcard-from-vampire-survivors #378229,Standard,,https://www.nintendo.com/us/store/products/vampire-crawlers-the-turbo-wildcard-from-vampire-survivors-switch-2/
added,Village in the Shade,village-in-the-shade,2026-10-27,2026-10-27,village-in-the-shade #358537,Standard,,https://www.nintendo.com/us/store/products/village-in-the-shade-switch-2/
skip,Villion:Code,villion-code,2027-12-31,2027-12-31,villion-code #387425,,,no Switch 2 product in Nintendo's US eShop yet
added,Wanderstop,wanderstop,2025-03-11,2026-06-23,wanderstop #305019,Standard,,https://www.nintendo.com/us/store/products/wanderstop-switch-2/
added,Warhammer Survivors,warhammer-survivors,2026-11-10,2026-11-10,warhammer-survivors #376145,Standard,,https://www.nintendo.com/us/store/products/warhammer-survivors-switch-2/
added,Warrior Cats: Clans of the Forest,warrior-cats-clans-of-the-forest,2026-10-23,2026-10-23,warrior-cats-clans-of-the-forest #412520,Standard,,https://www.nintendo.com/us/store/products/warrior-cats-clans-of-the-forest-switch-2/
skip,Well Dweller,well-dweller,2026-09-22,2026-09-22,well-dweller #360075,,,no Switch 2 product in Nintendo's US eShop yet
skip,Witchbrook,witchbrook,2026-12-31,2026-12-31,witchbrook #67195,,,no Switch 2 product in Nintendo's US eShop yet
added,Wobbly Life,wobbly-life,2020-07-09,2026-08-20,wobbly-life #133344,Nintendo Switch 2 Edition,,https://www.nintendo.com/us/store/products/wobbly-life-nintendo-switch-2-edition-switch-2/
added,Woodo,woodo,2026-09-16,2026-09-16,woodo #145078,Nintendo Switch 2 Edition,,https://www.nintendo.com/us/store/products/woodo-nintendo-switch-2-edition-switch-2/
added,Yu-Gi-Oh! Tag Force GX,yu-gi-oh-tag-force-gx,2027-02-16,2027-02-16,yu-gi-oh-tag-force-gx #417178,Standard,,https://www.nintendo.com/us/store/products/yu-gi-oh-tag-force-gx-switch-2/
